Nationality,Unnamed: 0,ID,Age,Overall,Potential,Value,Wage,Special,International Reputation,Weak Foot,Skill Moves,Jersey Number,Crossing,Finishing,HeadingAccuracy,ShortPassing,Volleys,Dribbling,Curve,FKAccuracy,LongPassing,BallControl,Acceleration,SprintSpeed,Agility,Reactions,Balance,ShotPower,Jumping,Stamina,Strength,LongShots,Aggression,Interceptions,Positioning,Vision,Penalties,Composure,Marking,StandingTackle,SlidingTackle,GKDiving,GKHandling,GKKicking,GKPositioning,GKReflexes,Rating,Quantidade
Afghanistan,14335.5,234743.5,22.5,61.0,67.75,342500.0,1250.0,1613.25,1.0,2.75,2.5,16.25,58.0,50.5,42.0,60.75,42.25,58.5,54.5,48.25,54.0,60.25,70.5,68.0,76.25,55.75,77.25,53.75,58.5,70.0,55.25,51.5,53.25,45.5,52.0,51.5,51.5,57.25,45.75,48.25,47.75,13.0,12.0,9.25,8.5,9.25,64.375,4
Albania,9259.1,221682.45,24.025,65.925,71.7,1920250.0,7100.0,1643.475,1.1025641025641026,3.1025641025641026,2.4871794871794872,20.46153846153846,53.23076923076923,47.51282051282051,51.282051282051285,60.87179487179487,44.64102564102564,58.07692307692308,49.35897435897436,46.35897435897436,54.30769230769231,60.8974358974359,67.05128205128206,67.84615384615384,66.23076923076923,60.35897435897436,65.97435897435898,57.743589743589745,63.97435897435897,66.35897435897436,63.48717948717949,50.41025641025641,60.05128205128205,50.30769230769231,54.23076923076923,55.15384615384615,50.23076923076923,60.43589743589744,51.30769230769231,51.282051282051285,48.38461538461539,13.615384615384615,13.35897435897436,13.58974358974359,13.282051282051283,14.384615384615385,68.8125,40
Algeria,5602.183333333333,206355.71666666667,27.05,70.63333333333334,72.98333333333333,4670916.666666667,18083.333333333332,1723.7166666666667,1.3,3.1333333333333333,2.816666666666667,19.95,57.63333333333333,52.0,55.71666666666667,65.71666666666667,49.78333333333333,62.95,56.15,52.1,59.6,65.25,65.73333333333333,66.11666666666666,66.86666666666666,65.98333333333333,65.81666666666666,60.75,66.86666666666666,65.63333333333334,66.9,53.0,62.18333333333333,49.56666666666667,56.9,59.45,54.93333333333333,65.96666666666667,47.8,49.733333333333334,45.9,15.866666666666667,15.033333333333333,14.8,15.183333333333334,15.8,71.80833333333334,60
Andorra,13651.0,192937.0,28.0,62.0,64.0,290000.0,1000.0,1517.0,1.0,3.0,2.0,17.0,53.0,28.0,70.0,49.0,41.0,50.0,37.0,29.0,58.0,54.0,57.0,71.0,47.0,56.0,53.0,58.0,73.0,64.0,75.0,32.0,69.0,55.0,37.0,48.0,34.0,50.0,54.0,56.0,67.0,9.0,7.0,12.0,8.0,6.0,63.0,1
Angola,7979.333333333333,206676.0,25.866666666666667,67.6,71.53333333333333,2018333.3333333333,7666.666666666667,1707.0,1.1333333333333333,3.066666666666667,2.933333333333333,27.933333333333334,55.333333333333336,54.4,57.86666666666667,61.733333333333334,52.86666666666667,65.6,52.8,47.0,53.4,65.73333333333333,78.6,78.8,74.33333333333333,62.46666666666667,68.86666666666666,65.6,71.53333333333333,63.0,70.06666666666666,54.2,60.06666666666667,44.13333333333333,58.93333333333333,52.666666666666664,56.53333333333333,63.266666666666666,47.733333333333334,42.13333333333333,39.4,11.266666666666667,9.733333333333333,9.8,10.2,10.2,69.56666666666666,15
Antigua & Barbuda,12541.5,214706.25,22.75,62.5,67.75,535000.0,2500.0,1605.25,1.0,3.0,2.5,8.75,58.75,48.75,47.5,54.75,34.0,61.25,41.75,37.0,48.0,59.25,83.5,81.75,70.0,53.0,71.5,52.0,72.25,73.5,70.0,47.5,53.75,44.25,52.5,56.75,42.75,54.5,41.25,48.25,46.0,9.75,11.5,10.75,11.25,10.5,65.125,4
Argentina,7285.958377801494,214452.5613660619,26.2059765208111,68.57203842049093,73.21024546424759,3077011.73959445,11502.668089647812,1639.410885805763,1.1335470085470085,2.8707264957264957,2.4540598290598292,16.266025641025642,51.31944444444444,48.126068376068375,55.129273504273506,60.449786324786324,44.863247863247864,58.06837606837607,48.88354700854701,44.88354700854701,54.16132478632478,60.80876068376068,64.625,64.31837606837607,64.19337606837607,64.38568376068376,64.37606837606837,57.60683760683761,65.57692307692308,64.16239316239316,65.5619658119658,50.01816239316239,56.72542735042735,47.65384615384615,52.368589743589745,54.86217948717949,51.84188034188034,60.452991452991455,48.276709401709404,47.97008547008547,46.340811965811966,16.30982905982906,16.286324786324787,16.28525641025641,16.48611111111111,16.431623931623932,70.89114194236926,937
Armenia,7286.5,209415.3,26.8,69.0,71.8,3717500.0,22000.0,1722.7,1.3,3.2,2.9,15.4,56.3,64.2,55.8,63.0,60.0,68.4,57.6,52.2,52.5,68.6,73.7,71.0,71.9,63.9,70.7,68.1,64.3,65.5,64.1,63.4,54.4,38.7,66.6,62.3,65.2,64.1,39.3,34.1,33.0,10.5,12.2,10.7,10.7,9.8,70.4,10
Australia,11831.161016949152,213023.25423728814,24.406779661016948,62.652542372881356,68.36016949152543,736970.3389830509,3351.6949152542375,1524.2711864406779,1.0127118644067796,2.919491525423729,2.194915254237288,16.334745762711865,46.19491525423729,43.04237288135593,47.03813559322034,55.42372881355932,38.03813559322034,51.483050847457626,42.82203389830509,37.516949152542374,48.98728813559322,53.74152542372882,65.35593220338983,65.20762711864407,63.563559322033896,56.483050847457626,63.317796610169495,49.00847457627118,64.16949152542372,63.20762711864407,65.67796610169492,41.690677966101696,53.69491525423729,44.766949152542374,47.25423728813559,50.851694915254235,45.75,56.639830508474574,44.63135593220339,46.152542372881356,44.16525423728814,17.360169491525422,16.953389830508474,17.0,16.597457627118644,17.122881355932204,65.50635593220339,236
Austria,10205.671140939598,214589.9798657718,24.654362416107382,64.91610738255034,69.84563758389261,1608657.7181208055,7667.785234899329,1545.0637583892617,1.0675675675675675,3.070945945945946,2.222972972972973,19.83445945945946,46.76013513513514,42.0472972972973,50.58783783783784,55.80067567567568,39.229729729729726,51.75,45.45608108108108,40.060810810810814,50.020270270270274,55.152027027027025,62.108108108108105,62.2195945945946,60.74324324324324,60.304054054054056,61.820945945945944,52.75,64.41891891891892,62.00337837837838,66.00337837837837,44.32432432432432,54.013513513513516,46.4527027027027,45.90878378378378,50.770270270270274,44.736486486486484,54.645270270270274,46.46621621621622,47.027027027027025,45.63175675675676,18.364864864864863,18.131756756756758,17.679054054054053,18.074324324324323,18.60472972972973,67.38087248322148,298
Azerbaijan,11704.0,211200.4,26.0,63.0,66.8,519000.0,2200.0,1637.8,1.0,4.0,2.4,15.2,52.2,54.4,50.6,57.6,51.0,62.2,51.0,48.0,50.6,61.4,67.8,70.6,68.2,58.4,62.6,69.8,64.4,67.2,71.2,55.0,57.4,38.0,55.6,55.8,61.6,54.4,44.2,41.4,39.8,9.6,11.4,10.0,8.0,10.8,64.9,5
Barbados,11952.0,182300.33333333334,27.666666666666668,63.333333333333336,65.0,401666.6666666667,3666.6666666666665,1536.3333333333333,1.0,2.6666666666666665,2.0,9.333333333333334,46.666666666666664,52.333333333333336,55.333333333333336,54.333333333333336,47.333333333333336,53.666666666666664,39.333333333333336,41.333333333333336,43.333333333333336,55.666666666666664,74.0,73.33333333333333,68.66666666666667,59.666666666666664,69.33333333333333,52.333333333333336,57.333333333333336,74.66666666666667,73.0,43.666666666666664,60.666666666666664,35.666666666666664,53.333333333333336,41.0,53.0,59.666666666666664,34.333333333333336,37.333333333333336,36.333333333333336,12.333333333333334,8.666666666666666,8.333333333333334,11.666666666666666,8.333333333333334,64.16666666666667,3
Belarus,5204.0,218392.5,28.75,70.25,71.0,2443750.0,8000.0,1545.25,1.25,3.0,2.25,26.25,52.75,54.25,41.75,55.5,49.5,55.0,52.75,45.75,49.5,58.5,54.5,53.5,55.75,63.75,57.5,61.25,59.75,56.0,69.5,57.75,34.25,31.25,53.0,57.25,53.5,68.0,25.25,32.75,30.75,23.5,26.5,25.5,23.25,24.0,70.625,4
Belgium,7363.334615384615,207020.61153846153,24.334615384615386,68.81153846153846,74.38846153846154,4699673.076923077,18480.76923076923,1640.9153846153847,1.22007722007722,3.2046332046332044,2.471042471042471,21.44015444015444,52.65250965250965,46.48262548262548,50.96911196911197,61.03861003861004,46.4054054054054,56.656370656370655,49.38223938223938,47.1042471042471,56.02316602316602,60.6988416988417,64.47490347490347,64.5945945945946,64.47876447876448,64.08494208494209,63.683397683397686,59.01544401544402,66.22779922779922,60.633204633204635,65.37065637065638,50.21235521235521,55.262548262548265,45.28957528957529,51.003861003861005,56.575289575289574,49.98069498069498,61.51737451737452,45.67567567567568,46.23938223938224,44.262548262548265,19.45945945945946,19.06949806949807,19.054054054054053,19.166023166023166,19.594594594594593,71.6,260
Belize,14847.0,232014.0,25.0,60.0,61.0,250000.0,1000.0,1611.0,1.0,2.0,2.0,19.0,51.0,60.0,69.0,59.0,59.0,61.0,44.0,23.0,49.0,59.0,70.0,73.0,65.0,53.0,67.0,66.0,73.0,50.0,77.0,55.0,69.0,30.0,64.0,58.0,50.0,52.0,53.0,42.0,27.0,6.0,5.0,6.0,10.0,8.0,60.5,1
Benin,7887.466666666666,213555.2,26.066666666666666,67.46666666666667,70.66666666666667,1646333.3333333333,8666.666666666666,1587.4,1.0,2.7333333333333334,2.2666666666666666,17.466666666666665,47.8,47.4,58.6,56.2,43.06666666666667,50.53333333333333,44.13333333333333,40.53333333333333,50.666666666666664,56.53333333333333,61.06666666666667,64.6,61.666666666666664,60.6,57.4,53.333333333333336,68.46666666666667,64.2,73.4,47.333333333333336,61.86666666666667,45.93333333333333,47.93333333333333,50.2,49.2,59.8,44.733333333333334,46.666666666666664,42.53333333333333,17.066666666666666,18.4,18.133333333333333,19.666666666666668,17.533333333333335,69.06666666666666,15
Bermuda,9013.5,198309.0,27.5,66.5,66.5,1087500.0,16500.0,1760.5,1.0,3.0,3.0,25.5,60.5,61.0,48.0,59.5,61.5,66.0,60.5,60.0,48.0,65.5,81.0,78.0,77.5,62.0,80.0,63.5,65.0,66.5,65.0,61.5,59.5,52.0,67.0,63.5,61.0,60.0,37.0,49.0,37.5,8.5,7.0,10.0,8.5,9.5,66.5,2
Bolivia,9466.066666666668,221943.63333333333,25.533333333333335,65.66666666666667,69.96666666666667,299000.0,833.3333333333334,1534.1333333333334,1.0333333333333334,2.7333333333333334,2.2,13.32,48.8,43.36666666666667,51.13333333333333,55.53333333333333,40.166666666666664,52.266666666666666,41.06666666666667,38.2,49.96666666666667,54.266666666666666,63.166666666666664,63.43333333333333,60.13333333333333,59.733333333333334,68.8,50.766666666666666,61.266666666666666,66.96666666666667,55.43333333333333,42.93333333333333,52.3,45.4,47.06666666666667,49.1,49.96666666666667,54.266666666666666,48.43333333333333,47.06666666666667,46.53333333333333,15.933333333333334,15.366666666666667,16.866666666666667,16.6,16.1,67.81666666666666,30
Bosnia Herzegovina,7428.9672131147545,212489.4262295082,26.0,68.63934426229508,72.34426229508196,3682377.049180328,14868.852459016394,1646.0655737704917,1.2131147540983607,2.9836065573770494,2.5245901639344264,20.540983606557376,52.131147540983605,49.75409836065574,54.52459016393443,62.14754098360656,47.868852459016395,58.26229508196721,51.09836065573771,48.77049180327869,55.9344262295082,62.114754098360656,62.32786885245902,63.14754098360656,61.91803278688525,62.950819672131146,59.91803278688525,61.049180327868854,62.65573770491803,62.90163934426229,69.55737704918033,52.21311475409836,58.31147540983606,47.98360655737705,53.31147540983606,54.83606557377049,51.90163934426229,60.85245901639344,48.31147540983606,48.19672131147541,45.032786885245905,15.524590163934427,15.180327868852459,15.180327868852459,15.327868852459016,15.721311475409836,70.49180327868852,61
Botswana,16977.0,240614.0,20.0,56.0,68.0,160000.0,1000.0,1526.0,1.0,3.0,2.0,33.0,40.0,42.0,45.0,57.0,35.0,55.0,40.0,37.0,56.0,57.0,70.0,72.0,73.0,52.0,79.0,55.0,68.0,70.0,56.0,47.0,52.0,43.0,45.0,57.0,50.0,50.0,45.0,48.0,42.0,10.0,7.0,9.0,6.0,6.0,62.0,1
Brazil,5141.2527206771465,218810.8016928658,27.62515114873035,71.2515114873035,73.35187424425635,4602629.987908102,17778.718258766625,1712.1342200725514,1.1636363636363636,2.9454545454545453,2.633939393939394,18.682424242424243,54.69939393939394,50.65939393939394,57.61333333333334,63.63030303030303,49.91878787878788,60.85090909090909,53.403636363636366,50.25575757575758,57.24,63.84121212121212,66.31878787878787,66.70181818181818,65.20121212121212,68.37454545454545,63.96606060606061,61.36242424242424,64.91151515151515,65.67515151515151,67.2630303030303,53.980606060606064,59.97212121212121,51.28242424242424,54.738181818181815,58.1139393939394,55.30060606060606,65.24121212121211,49.22181818181818,51.28484848484848,48.981818181818184,15.846060606060606,15.44,15.50909090909091,15.389090909090909,16.076363636363638,72.30169286577993,827
Bulgaria,10184.09375,216946.40625,26.84375,64.875,67.40625,699218.75,1000.0,1546.03125,1.0625,3.0,2.34375,15.6875,46.125,45.3125,51.65625,56.875,40.71875,53.53125,44.5625,42.9375,50.8125,55.3125,63.34375,62.09375,60.5625,61.0,64.65625,54.65625,61.96875,61.25,61.375,46.8125,52.4375,41.53125,50.21875,48.8125,46.0625,56.59375,44.6875,43.40625,42.0625,18.25,18.59375,18.125,17.71875,18.5625,66.140625,32
Burkina Faso,7267.125,214459.8125,25.125,68.5625,73.125,2887500.0,12062.5,1675.9375,1.25,2.8125,2.6875,22.375,55.5,51.625,56.625,61.1875,49.8125,62.375,49.875,42.375,54.5625,63.0625,73.4375,74.375,71.625,63.5625,67.875,61.6875,70.0,65.25,66.6875,51.4375,59.1875,41.5625,55.125,55.125,53.0,62.1875,45.625,43.6875,40.375,14.1875,13.5625,13.5625,14.75,13.25,70.84375,16
Burundi,10951.333333333334,221205.33333333334,23.333333333333332,62.333333333333336,69.33333333333333,1268333.3333333333,10666.666666666666,1617.6666666666667,1.3333333333333333,3.3333333333333335,2.6666666666666665,20.0,48.0,59.666666666666664,55.333333333333336,57.333333333333336,53.666666666666664,62.333333333333336,49.666666666666664,45.666666666666664,53.666666666666664,65.33333333333333,69.33333333333333,69.33333333333333,62.0,59.333333333333336,68.66666666666667,64.66666666666667,64.33333333333333,60.333333333333336,67.0,58.0,49.0,36.666666666666664,59.666666666666664,55.666666666666664,59.0,62.0,32.0,37.0,40.0,8.666666666666666,11.0,12.333333333333334,9.333333333333334,13.666666666666666,65.83333333333333,3
Cameroon,7751.833333333333,216435.67777777778,24.555555555555557,67.9888888888889,73.0111111111111,2636111.111111111,10966.666666666666,1644.8444444444444,1.2222222222222223,2.922222222222222,2.488888888888889,19.61111111111111,48.5,46.67777777777778,58.72222222222222,60.62222222222222,44.922222222222224,57.7,46.91111111111111,39.75555555555555,52.977777777777774,61.17777777777778,70.16666666666667,71.22222222222223,67.26666666666667,62.24444444444445,64.35555555555555,59.6,70.46666666666667,65.5111111111111,72.2,47.51111111111111,59.55555555555556,48.13333333333333,50.233333333333334,52.8,50.044444444444444,59.94444444444444,49.74444444444445,49.55555555555556,46.81111111111111,14.188888888888888,13.9,13.655555555555555,13.588888888888889,14.122222222222222,70.5,90
Canada,11613.53125,218767.9375,24.25,62.9375,69.21875,925937.5,3812.5,1527.625,1.015625,2.703125,2.203125,19.125,44.3125,42.25,49.3125,55.703125,40.21875,52.28125,44.9375,37.625,48.625,54.4375,63.9375,63.609375,62.453125,57.65625,63.171875,53.859375,63.5625,58.140625,66.28125,43.828125,57.234375,43.640625,44.953125,51.671875,45.703125,54.65625,43.5,45.9375,43.1875,17.671875,16.59375,16.203125,17.59375,17.53125,66.078125,64
Cape Verde,4536.315789473684,216007.0,27.42105263157895,71.63157894736842,73.73684210526316,4426578.947368421,11526.315789473685,1769.9473684210527,1.105263157894737,2.9473684210526314,2.789473684210526,20.36842105263158,54.473684210526315,55.526315789473685,64.52631578947368,66.73684210526316,50.8421052631579,64.63157894736842,56.0,48.26315789473684,58.05263157894737,68.3157894736842,70.26315789473684,70.89473684210526,69.10526315789474,68.42105263157895,65.73684210526316,67.10526315789474,69.94736842105263,72.10526315789474,73.42105263157895,58.26315789473684,64.63157894736842,52.31578947368421,59.578947368421055,61.05263157894737,56.89473684210526,66.73684210526316,50.78947368421053,50.73684210526316,48.21052631578947,10.526315789473685,9.947368421052632,12.421052631578947,10.842105263157896,9.368421052631579,72.6842105263158,19
Central African Rep.,4216.666666666667,211711.0,25.666666666666668,73.33333333333333,76.0,10050000.0,19000.0,1783.3333333333333,1.3333333333333333,2.6666666666666665,2.6666666666666665,14.0,41.666666666666664,47.333333333333336,71.0,70.33333333333333,40.666666666666664,63.0,50.0,47.666666666666664,62.666666666666664,66.66666666666667,62.666666666666664,61.333333333333336,50.333333333333336,71.0,54.0,58.0,73.0,73.33333333333333,87.0,52.333333333333336,77.66666666666667,73.0,63.333333333333336,61.333333333333336,38.0,67.33333333333333,71.0,74.0,70.0,11.333333333333334,10.666666666666666,11.0,8.0,10.0,74.66666666666667,3
Chad,5732.0,237863.0,22.5,70.0,78.0,3400000.0,12000.0,1690.0,1.0,3.0,3.0,12.5,50.5,69.5,65.5,59.5,70.0,66.0,56.0,43.5,45.5,62.5,82.0,81.5,69.5,67.0,57.0,75.0,75.5,71.5,72.5,65.0,57.5,20.0,68.5,58.0,67.0,60.0,18.0,20.5,22.5,9.5,12.5,7.0,13.0,11.0,74.0,2
Chile,9953.202046035805,219949.24040920715,25.074168797953963,64.9923273657289,70.6854219948849,1343171.3554987211,5176.470588235294,1576.83631713555,1.0824742268041236,2.8762886597938144,2.301546391752577,16.90721649484536,49.175257731958766,45.0180412371134,50.61340206185567,59.634020618556704,39.4819587628866,54.81185567010309,44.71649484536083,42.154639175257735,53.98711340206186,57.358247422680414,64.58762886597938,64.4639175257732,63.77577319587629,59.358247422680414,66.63144329896907,54.30154639175258,64.62628865979381,63.93041237113402,63.597938144329895,47.30670103092783,52.603092783505154,45.595360824742265,49.9458762886598,52.47422680412371,48.871134020618555,56.53092783505155,47.15979381443299,46.22164948453608,44.11340206185567,16.487113402061855,15.914948453608247,15.762886597938145,16.172680412371133,16.608247422680414,67.8388746803069,391
China PR,13779.436224489797,221029.41326530612,26.084183673469386,59.910714285714285,63.71938775510204,355420.9183673469,3125.0,1476.0204081632653,1.005128205128205,2.864102564102564,2.005128205128205,19.882051282051282,44.06410256410256,38.68205128205128,47.212820512820514,51.37692307692308,35.771794871794874,48.33846153846154,40.248717948717946,37.0,46.88205128205128,49.42820512820513,61.761538461538464,62.82820512820513,62.174358974358974,57.05384615384615,63.53333333333333,46.238461538461536,63.46666666666667,61.274358974358975,63.58717948717949,38.76923076923077,52.88205128205128,44.48974358974359,45.343589743589746,49.04102564102564,40.98461538461538,51.646153846153844,47.35641025641026,45.58461538461538,44.11282051282051,17.156410256410258,16.92820512820513,17.38974358974359,17.005128205128205,17.382051282051282,61.81505102040816,392
Colombia,9500.773462783172,223314.84466019418,25.241100323624597,65.57605177993527,71.042071197411,1785946.6019417476,5415.857605177994,1581.2394822006472,1.0535714285714286,2.840909090909091,2.3506493506493507,17.25487012987013,48.41396103896104,45.23701298701299,51.90422077922078,57.85876623376623,40.37012987012987,55.061688311688314,43.14935064935065,40.90909090909091,51.1801948051948,57.881493506493506,67.0146103896104,67.25324675324676,65.13798701298701,61.37662337662338,65.92045454545455,54.08766233766234,65.63474025974025,65.88149350649351,64.90584415584415,45.535714285714285,53.951298701298704,46.30844155844156,50.35227272727273,52.34415584415584,47.77435064935065,57.35876623376623,49.881493506493506,46.52922077922078,44.30194805194805,14.991883116883116,15.095779220779221,15.02435064935065,14.891233766233766,15.084415584415584,68.30906148867314,618
Comoros,7796.833333333333,206976.33333333334,26.5,67.5,69.33333333333333,1391666.6666666667,4500.0,1749.0,1.0,2.8333333333333335,2.5,18.333333333333332,58.666666666666664,45.0,47.666666666666664,67.0,38.166666666666664,64.5,56.333333333333336,47.833333333333336,63.0,66.66666666666667,70.83333333333333,70.83333333333333,75.83333333333333,67.66666666666667,80.83333333333333,57.333333333333336,67.33333333333333,74.66666666666667,57.833333333333336,50.0,62.0,63.0,56.333333333333336,60.833333333333336,48.666666666666664,63.5,57.833333333333336,58.833333333333336,56.333333333333336,10.833333333333334,13.166666666666666,9.5,12.0,11.666666666666666,68.41666666666667,6
Congo,11126.04,219799.72,23.96,63.92,69.64,978400.0,4440.0,1536.8,1.04,2.8,2.2,20.72,43.48,45.68,57.36,58.12,41.64,53.64,40.84,37.36,51.76,57.92,65.16,65.12,57.32,58.84,58.32,54.84,64.84,62.0,71.32,44.6,56.48,44.96,49.8,48.12,49.16,55.92,45.96,45.76,43.72,13.2,12.24,13.12,11.72,12.4,66.78,25
Costa Rica,7187.266666666666,218297.16666666666,26.4,68.86666666666666,71.63333333333334,2910666.6666666665,13566.666666666666,1683.3666666666666,1.1666666666666667,2.7666666666666666,2.566666666666667,18.933333333333334,50.333333333333336,46.0,54.8,61.13333333333333,43.7,57.9,49.733333333333334,45.36666666666667,56.166666666666664,60.93333333333333,69.66666666666667,69.66666666666667,65.83333333333333,64.7,64.96666666666667,59.266666666666666,69.8,67.43333333333334,69.23333333333333,47.233333333333334,64.5,53.6,52.166666666666664,54.43333333333333,49.43333333333333,62.266666666666666,53.06666666666667,54.13333333333333,52.1,15.3,14.833333333333334,14.8,14.933333333333334,16.2,70.25,30
Croatia,6710.277777777777,224036.9841269841,24.88095238095238,69.56349206349206,74.4920634920635,5223849.206349206,21682.539682539682,1623.8253968253969,1.2777777777777777,3.0952380952380953,2.4523809523809526,23.984126984126984,49.91269841269841,47.198412698412696,56.507936507936506,61.05555555555556,44.1031746031746,56.77777777777778,47.23015873015873,43.992063492063494,54.79365079365079,60.801587301587304,61.73015873015873,63.0,59.611111111111114,64.52380952380952,57.30952380952381,57.08730158730159,62.20634920634921,62.91269841269841,69.5,48.51587301587302,58.92063492063492,50.20634920634921,50.05555555555556,54.96825396825397,49.698412698412696,61.26190476190476,50.53968253968254,51.682539682539684,49.42063492063492,16.57936507936508,15.396825396825397,15.642857142857142,16.26984126984127,15.873015873015873,72.02777777777777,126
Cuba,9900.0,224287.25,23.75,66.0,72.75,1487500.0,3250.0,1538.5,1.0,3.0,2.0,22.0,46.75,38.5,44.0,57.25,39.5,52.75,46.75,34.25,57.75,54.5,60.25,58.75,63.75,56.0,62.0,57.5,60.75,56.0,63.75,46.25,51.25,42.5,46.75,53.75,40.25,57.75,42.5,45.0,43.25,24.75,23.5,22.25,23.75,22.0,69.375,4
Curacao,7866.642857142857,212555.42857142858,25.357142857142858,67.57142857142857,70.28571428571429,1648571.4285714286,8857.142857142857,1653.642857142857,1.0,2.7857142857142856,2.5,25.214285714285715,52.57142857142857,51.214285714285715,52.214285714285715,56.5,49.285714285714285,59.07142857142857,52.142857142857146,48.285714285714285,51.714285714285715,59.857142857142854,68.92857142857143,72.42857142857143,64.78571428571429,62.714285714285715,63.42857142857143,61.92857142857143,67.21428571428571,65.78571428571429,69.71428571428571,54.142857142857146,56.142857142857146,38.5,52.57142857142857,57.42857142857143,52.07142857142857,58.92857142857143,38.214285714285715,39.857142857142854,37.07142857142857,20.357142857142858,19.714285714285715,18.714285714285715,18.285714285714285,20.785714285714285,68.92857142857143,14
Cyprus,10507.125,216502.375,24.0,64.125,70.125,1238125.0,5250.0,1659.875,1.0,2.75,2.375,23.75,51.625,49.75,59.125,57.75,46.625,60.125,47.75,43.0,53.0,60.375,66.125,67.375,66.125,58.5,62.875,61.875,65.375,70.125,69.125,50.875,60.5,51.125,55.5,55.875,53.875,55.875,52.875,54.75,52.625,10.375,9.875,11.125,11.875,12.0,67.125,8
Czech Republic,6316.96,203997.39,26.76,69.51,72.78,2837200.0,7950.0,1634.72,1.14,2.91,2.4,19.52,52.07,47.01,54.4,59.48,46.62,55.28,48.62,44.74,53.59,59.22,62.73,63.28,61.57,66.68,59.97,57.07,64.64,61.69,66.51,50.81,58.97,48.55,51.63,55.53,49.78,62.29,44.28,47.15,45.47,19.08,19.36,19.13,19.95,19.86,71.145,100
DR Congo,6477.192307692308,205215.34615384616,25.75,69.21153846153847,72.38461538461539,3160480.769230769,13769.23076923077,1710.3653846153845,1.0961538461538463,2.923076923076923,2.7884615384615383,21.673076923076923,54.46153846153846,53.46153846153846,57.82692307692308,62.25,48.42307692307692,63.5,52.55769230769231,45.94230769230769,55.5,65.23076923076923,73.1923076923077,74.17307692307692,69.82692307692308,64.3076923076923,66.32692307692308,64.75,70.61538461538461,68.90384615384616,71.86538461538461,55.19230769230769,61.21153846153846,46.51923076923077,57.0,57.90384615384615,52.61538461538461,64.59615384615384,43.23076923076923,46.63461538461539,43.40384615384615,12.826923076923077,12.75,11.846153846153847,13.23076923076923,12.884615384615385,70.79807692307692,52
Denmark,10833.776785714286,213080.16964285713,24.145833333333332,63.717261904761905,70.05059523809524,1787351.1904761905,6913.690476190476,1557.6130952380952,1.0686567164179104,2.9402985074626864,2.265671641791045,17.782089552238805,47.680597014925375,44.0,51.05373134328358,56.73731343283582,41.14029850746269,53.06567164179104,44.85671641791045,40.61492537313433,51.17313432835821,57.002985074626864,63.81492537313433,64.53731343283582,62.17910447761194,60.167164179104475,62.21492537313433,53.12238805970149,64.2089552238806,63.62089552238806,66.62089552238805,43.96417910447761,54.82089552238806,45.9134328358209,49.211940298507464,52.113432835820895,44.03283582089552,57.04179104477612,49.080597014925374,47.27164179104478,44.81791044776119,15.985074626865671,15.66865671641791,15.907462686567165,15.901492537313432,16.095522388059702,66.88392857142857,336
Dominican Republic,5944.0,232476.5,23.0,72.0,80.5,10400000.0,71000.0,1847.0,1.0,3.5,2.5,19.5,62.5,68.5,66.5,65.0,57.0,67.5,59.0,63.5,55.0,68.5,77.5,78.5,71.5,70.0,75.5,75.5,69.5,71.5,65.5,72.5,70.0,45.0,70.0,58.5,60.0,55.0,43.5,43.5,43.5,11.0,10.5,9.0,10.5,11.5,76.25,2
Ecuador,6906.441860465116,226662.06976744186,25.162790697674417,68.79069767441861,72.93023255813954,1987790.6976744186,11116.279069767443,1664.8837209302326,1.0930232558139534,3.0232558139534884,2.558139534883721,17.6046511627907,55.27906976744186,48.348837209302324,55.883720930232556,61.95348837209303,45.16279069767442,60.02325581395349,50.651162790697676,48.16279069767442,56.06976744186046,61.627906976744185,70.37209302325581,69.30232558139535,67.04651162790698,64.06976744186046,68.48837209302326,58.23255813953488,63.74418604651163,67.95348837209302,64.3953488372093,50.53488372093023,55.72093023255814,47.72093023255814,52.83720930232558,53.95348837209303,53.25581395348837,59.395348837209305,46.58139534883721,48.69767441860465,46.627906976744185,14.604651162790697,14.44186046511628,14.44186046511628,14.325581395348838,14.372093023255815,70.86046511627907,43
Egypt,5881.903225806452,214494.29032258064,26.967741935483872,70.2258064516129,72.64516129032258,4295967.741935484,16870.967741935485,1685.5483870967741,1.1935483870967742,3.032258064516129,2.6774193548387095,18.838709677419356,53.193548387096776,48.96774193548387,54.41935483870968,61.83870967741935,45.774193548387096,59.935483870967744,51.74193548387097,44.806451612903224,57.16129032258065,62.25806451612903,68.03225806451613,67.06451612903226,65.87096774193549,63.806451612903224,66.96774193548387,59.935483870967744,63.96774193548387,65.80645161290323,68.45161290322581,52.87096774193548,59.25806451612903,48.903225806451616,52.38709677419355,55.354838709677416,50.096774193548384,64.2258064516129,54.32258064516129,51.774193548387096,48.903225806451616,16.225806451612904,15.903225806451612,17.032258064516128,16.032258064516128,16.483870967741936,71.43548387096774,31
El Salvador,9263.2,212374.6,26.2,66.0,69.6,795000.0,2600.0,1635.4,1.0,3.0,2.6,15.2,51.4,51.6,47.6,61.2,49.4,59.6,50.4,46.6,54.4,62.4,65.6,68.6,61.2,64.2,74.2,62.6,56.2,63.4,58.4,54.0,54.0,46.6,53.8,55.0,56.2,58.4,48.6,54.2,53.6,11.2,11.4,10.2,10.2,7.4,67.8,5
England,11283.274368231047,207327.7316486161,24.03008423586041,63.42960288808664,70.03730445246691,1498745.487364621,9943.44163658243,1549.1371841155235,1.0651780325890163,2.8943874471937234,2.2534701267350634,19.233554616777308,47.249849124924566,44.56729028364514,50.612552806276405,55.56065178032589,40.58539529269765,53.23476161738081,44.498491249245625,40.70488835244418,50.023536511768256,56.07302353651177,64.94508147254074,64.77308388654194,63.37296318648159,58.32951116475558,64.73264936632468,52.62100181050091,64.8086904043452,62.92094146047073,64.06879903439952,44.71876885938443,54.275196137598066,44.36753168376584,48.23657211828606,51.32649366324683,47.53108026554013,56.15389257694629,45.29511164755582,46.06759203379602,44.16475558237779,16.101991550995777,15.96137598068799,15.652383826191913,15.671695835847919,16.11104405552203,66.73345367027677,1662
Equatorial Guinea,5841.0,219434.0,25.4,70.0,75.2,2790000.0,17200.0,1675.2,1.2,2.8,2.4,14.6,54.4,44.0,52.0,61.6,42.6,56.2,51.2,43.6,56.4,61.0,70.0,71.4,71.8,62.2,64.4,60.0,75.0,66.2,62.2,50.6,58.2,46.6,50.8,55.4,46.6,58.2,48.6,46.8,46.6,20.4,19.2,19.8,18.6,20.8,72.6,5
Eritrea,8209.0,206877.5,27.0,67.5,68.5,1237500.0,6000.0,1631.0,1.0,2.5,2.5,53.5,47.0,67.5,65.5,58.5,69.0,64.5,61.0,48.5,50.5,66.5,63.0,63.0,55.5,65.0,59.5,66.5,55.5,62.5,73.0,61.5,46.0,32.0,70.0,64.0,69.0,62.5,35.5,23.5,17.5,11.5,10.5,10.5,6.0,11.5,68.0,2
Estonia,10613.153846153846,204536.61538461538,27.153846153846153,64.92307692307692,67.76923076923077,792307.6923076923,3846.153846153846,1571.3846153846155,1.0833333333333333,2.8333333333333335,2.25,11.833333333333334,49.25,41.416666666666664,51.25,55.666666666666664,39.25,51.416666666666664,49.0,38.583333333333336,51.916666666666664,54.666666666666664,58.0,59.833333333333336,58.25,60.916666666666664,58.5,51.916666666666664,65.75,61.666666666666664,68.66666666666667,45.416666666666664,59.083333333333336,50.5,45.416666666666664,52.916666666666664,43.083333333333336,56.666666666666664,49.166666666666664,49.0,47.666666666666664,19.25,19.416666666666668,17.916666666666668,19.416666666666668,17.666666666666668,66.34615384615384,13
Ethiopia,11522.0,155266.0,32.0,64.0,64.0,250000.0,1000.0,1824.0,1.0,3.0,3.0,77.0,66.0,56.0,64.0,64.0,63.0,70.0,58.0,64.0,55.0,68.0,74.0,77.0,85.0,62.0,79.0,78.0,68.0,73.0,34.0,71.0,60.0,56.0,66.0,60.0,38.0,63.0,58.0,57.0,54.0,6.0,6.0,13.0,12.0,9.0,64.0,1
FYR Macedonia,7439.2,213218.35,25.1,68.0,72.5,2778750.0,7900.0,1636.35,1.05,3.15,2.6,29.2,49.9,52.1,51.95,60.55,48.1,59.45,52.2,48.75,52.65,60.7,64.45,62.8,63.55,63.45,62.55,60.15,60.45,62.2,64.8,54.2,55.55,40.45,54.25,56.0,51.3,61.35,43.3,43.0,40.15,20.35,18.75,19.4,18.2,20.7,70.25,20
Faroe Islands,11909.5,211751.66666666666,24.166666666666668,62.5,66.16666666666667,526666.6666666666,2666.6666666666665,1614.6666666666667,1.0,3.1666666666666665,2.5,16.166666666666668,53.666666666666664,48.833333333333336,54.666666666666664,59.333333333333336,41.5,56.333333333333336,46.666666666666664,39.166666666666664,51.833333333333336,58.5,71.66666666666667,70.5,66.33333333333333,60.5,64.0,58.833333333333336,64.33333333333333,70.83333333333333,69.5,49.166666666666664,57.333333333333336,49.5,53.0,51.5,46.333333333333336,54.5,50.0,50.833333333333336,48.333333333333336,11.5,9.166666666666666,10.833333333333334,10.166666666666666,10.0,64.33333333333333,6
Fiji,4083.0,195620.0,30.0,71.0,71.0,2300000.0,4000.0,1931.0,1.0,4.0,3.0,21.0,63.0,67.0,64.0,62.0,64.0,72.0,67.0,63.0,60.0,72.0,91.0,90.0,84.0,71.0,85.0,72.0,78.0,71.0,72.0,66.0,74.0,51.0,67.0,56.0,64.0,63.0,42.0,48.0,43.0,13.0,13.0,6.0,11.0,9.0,71.0,1
Finland,10765.0,212253.1194029851,24.761194029850746,64.02985074626865,69.85074626865672,1454477.6119402985,5208.955223880597,1535.402985074627,1.044776119402985,2.955223880597015,2.1940298507462686,18.119402985074625,46.014925373134325,42.97014925373134,49.53731343283582,55.46268656716418,40.492537313432834,51.582089552238806,43.865671641791046,41.35820895522388,50.8955223880597,54.134328358208954,60.88059701492537,61.059701492537314,58.492537313432834,59.507462686567166,60.46268656716418,53.97014925373134,62.61194029850746,61.07462686567164,64.8955223880597,44.67164179104478,56.134328358208954,45.91044776119403,46.656716417910445,51.64179104477612,44.59701492537314,56.46268656716418,49.38805970149254,47.507462686567166,46.56716417910448,17.0,16.83582089552239,15.462686567164178,16.507462686567163,17.253731343283583,66.94029850746269,67
France,8075.863238512035,214077.6170678337,24.61597374179431,67.79868708971554,73.44748358862144,3679819.474835886,14053.610503282276,1624.2571115973742,1.2063666300768385,2.915477497255763,2.4006586169045003,18.972557628979143,51.739846322722286,45.484083424807906,54.90779363336992,61.05817782656422,43.468715697036224,56.73655323819978,47.96377607025247,43.42371020856202,54.996706915477496,59.787047200878156,64.52469813391878,64.71459934138309,62.81997804610318,62.58287596048299,63.9198682766191,55.758507135016465,65.28540065861691,62.64873765093304,66.4807903402854,47.37321624588365,56.9582875960483,49.01317233809001,50.084522502744235,54.236004390779364,49.69154774972558,60.58616904500549,48.20856201975851,50.04720087815587,48.1569703622393,16.644346871569702,16.336992316136115,16.29198682766191,16.53238199780461,16.814489571899013,70.62308533916848,914
Gabon,7040.466666666666,214208.6,26.066666666666666,69.46666666666667,72.26666666666667,6628333.333333333,26933.333333333332,1697.0666666666666,1.2,3.066666666666667,2.7333333333333334,16.133333333333333,55.0,51.8,54.93333333333333,64.06666666666666,47.93333333333333,62.06666666666667,49.4,49.4,56.2,65.0,72.4,70.8,66.8,64.93333333333334,70.2,60.13333333333333,64.86666666666666,65.66666666666667,63.06666666666667,51.8,58.666666666666664,49.333333333333336,55.53333333333333,58.93333333333333,51.86666666666667,64.06666666666666,48.86666666666667,49.53333333333333,46.733333333333334,13.533333333333333,14.133333333333333,14.8,13.8,14.866666666666667,70.86666666666666,15
Gambia,8173.733333333334,223112.06666666668,23.2,67.2,73.93333333333334,2031333.3333333333,8133.333333333333,1606.4,1.0,2.933333333333333,2.4,26.866666666666667,48.666666666666664,52.2,53.333333333333336,59.2,45.6,59.0,45.666666666666664,42.46666666666667,51.13333333333333,61.06666666666667,72.0,76.4,68.26666666666667,61.8,62.93333333333333,58.8,62.333333333333336,65.33333333333333,69.46666666666667,45.86666666666667,55.8,38.266666666666666,55.86666666666667,51.266666666666666,50.93333333333333,58.4,41.4,40.93333333333333,39.46666666666667,13.866666666666667,13.466666666666667,14.4,14.266666666666667,14.933333333333334,70.56666666666666,15
Georgia,7119.153846153846,225015.23076923078,24.03846153846154,68.34615384615384,73.8076923076923,2268461.5384615385,4192.307692307692,1654.7307692307693,1.0384615384615385,3.1153846153846154,2.769230769230769,16.884615384615383,51.88461538461539,54.34615384615385,52.92307692307692,62.57692307692308,47.84615384615385,64.15384615384616,53.0,48.96153846153846,58.65384615384615,65.07692307692308,69.1923076923077,68.84615384615384,68.38461538461539,63.03846153846154,65.65384615384616,61.76923076923077,59.5,65.0,63.46153846153846,53.46153846153846,52.5,41.80769230769231,55.26923076923077,58.96153846153846,53.42307692307692,61.80769230769231,44.80769230769231,45.61538461538461,42.92307692307692,11.76923076923077,12.076923076923077,11.807692307692308,13.846153846153847,12.192307692307692,71.07692307692308,26
Germany,9392.902337228714,217681.11769616028,24.33806343906511,66.08681135225376,71.69949916527545,2529307.178631052,9639.398998330551,1566.7829716193655,1.1389121338912134,3.1338912133891212,2.279497907949791,19.22426778242678,48.33723849372385,42.96150627615063,50.697907949790796,57.651046025104606,41.03849372384937,53.1673640167364,45.133054393305436,40.471966527196656,50.30292887029289,56.67531380753138,63.28702928870293,63.69037656903766,62.35481171548117,62.06359832635983,61.830125523012555,54.58326359832636,65.14309623430962,62.6,66.9539748953975,43.86778242677824,55.93138075313807,45.96820083682008,46.50627615062761,51.12050209205021,45.676150627615066,56.37071129707113,47.08200836820084,47.62008368200837,45.20418410041841,18.14142259414226,17.76652719665272,17.25774058577406,17.507949790794978,18.17405857740586,68.89315525876461,1198
Ghana,8409.842105263158,219986.04385964913,23.657894736842106,67.04385964912281,73.08771929824562,2551447.3684210526,9614.035087719298,1695.7280701754387,1.1140350877192982,2.9473684210526314,2.6403508771929824,21.32456140350877,53.89473684210526,50.41228070175438,53.40350877192982,62.719298245614034,48.5,63.18421052631579,51.59649122807018,42.19298245614035,55.05263157894737,63.78947368421053,75.86842105263158,74.46491228070175,73.85087719298245,62.56140350877193,72.44736842105263,62.20175438596491,71.35964912280701,68.36842105263158,63.93859649122807,52.70175438596491,59.1578947368421,47.57017543859649,55.58771929824562,56.026315789473685,50.333333333333336,60.51754385964912,48.41228070175438,49.64912280701754,47.175438596491226,12.350877192982455,11.289473684210526,11.508771929824562,11.982456140350877,12.175438596491228,70.0657894736842,114
Greece,6719.676470588235,217592.8431372549,24.480392156862745,69.06862745098039,74.42156862745098,3034264.705882353,7803.921568627451,1610.4705882352941,1.1764705882352942,2.950980392156863,2.2549019607843137,24.568627450980394,48.470588235294116,43.01960784313726,52.64705882352941,57.64705882352941,42.588235294117645,53.46078431372549,45.90196078431372,43.40196078431372,53.53921568627451,56.68627450980392,64.27450980392157,65.05882352941177,63.03921568627451,64.13725490196079,60.76470588235294,59.950980392156865,66.23529411764706,61.745098039215684,66.27450980392157,49.254901960784316,58.22549019607843,45.30392156862745,47.14705882352941,53.431372549019606,47.71568627450981,61.833333333333336,48.372549019607845,46.333333333333336,45.68627450980392,20.42156862745098,19.69607843137255,19.245098039215687,20.098039215686274,20.69607843137255,71.74509803921569,102
Grenada,12198.0,203809.0,25.0,63.0,68.0,425000.0,3000.0,1321.0,1.0,3.0,2.0,16.0,25.0,14.0,65.0,46.0,27.0,30.0,25.0,25.0,37.0,44.0,69.0,65.0,34.0,58.0,50.0,45.0,71.0,68.0,84.0,12.0,64.0,53.0,13.0,26.0,31.0,51.0,59.0,64.0,66.0,14.0,8.0,11.0,6.0,12.0,65.5,1
Guam,8367.0,190883.0,30.0,67.0,67.0,550000.0,3000.0,1804.0,1.0,3.0,2.0,20.0,59.0,49.0,60.0,67.0,48.0,57.0,61.0,55.0,58.0,63.0,72.0,70.0,74.0,68.0,78.0,53.0,82.0,74.0,66.0,36.0,73.0,66.0,55.0,56.0,52.0,64.0,64.0,62.0,65.0,13.0,9.0,16.0,12.0,11.0,67.0,1
Guatemala,11277.0,219193.33333333334,26.666666666666668,63.666666666666664,67.66666666666667,415000.0,1333.3333333333333,1356.0,1.0,2.6666666666666665,1.6666666666666667,9.666666666666666,32.333333333333336,27.333333333333332,45.666666666666664,43.0,26.666666666666668,34.0,36.666666666666664,29.0,36.333333333333336,39.0,59.0,57.0,37.666666666666664,56.333333333333336,48.333333333333336,39.666666666666664,63.0,54.333333333333336,67.33333333333333,25.0,56.333333333333336,46.0,31.0,39.666666666666664,39.666666666666664,42.666666666666664,46.333333333333336,46.666666666666664,46.333333333333336,30.0,30.666666666666668,28.0,30.333333333333332,27.333333333333332,65.66666666666667,3
Guinea,7757.225806451613,221810.61290322582,24.677419354838708,68.12903225806451,72.87096774193549,3423064.5161290322,12225.806451612903,1658.032258064516,1.1290322580645162,2.7419354838709675,2.6129032258064515,18.870967741935484,52.16129032258065,50.193548387096776,57.70967741935484,61.70967741935484,46.774193548387096,60.935483870967744,48.38709677419355,41.903225806451616,54.354838709677416,63.32258064516129,70.38709677419355,70.90322580645162,68.80645161290323,62.38709677419355,67.80645161290323,60.193548387096776,68.58064516129032,66.2258064516129,68.2258064516129,51.774193548387096,59.903225806451616,45.61290322580645,54.354838709677416,54.354838709677416,51.83870967741935,61.74193548387097,47.32258064516129,45.774193548387096,44.54838709677419,13.0,12.806451612903226,12.870967741935484,11.258064516129032,11.64516129032258,70.5,31
Guinea Bissau,8354.2,227931.13333333333,23.133333333333333,67.26666666666667,73.13333333333334,2221333.3333333335,6333.333333333333,1681.4,1.0,2.8,2.533333333333333,24.4,49.13333333333333,50.2,56.6,61.53333333333333,47.666666666666664,61.6,48.666666666666664,42.6,52.4,64.13333333333334,72.06666666666666,73.2,67.53333333333333,64.8,66.8,66.4,67.53333333333333,72.6,66.66666666666667,53.0,65.0,48.333333333333336,57.733333333333334,53.666666666666664,52.733333333333334,60.4,49.93333333333333,49.666666666666664,46.4,10.266666666666667,11.333333333333334,11.333333333333334,10.133333333333333,9.733333333333333,70.2,15
Guyana,13068.0,204818.66666666666,27.333333333333332,61.666666666666664,66.33333333333333,276666.6666666667,1666.6666666666667,1638.0,1.0,3.0,2.0,16.0,52.0,45.333333333333336,56.666666666666664,55.0,39.0,53.0,49.333333333333336,43.333333333333336,50.333333333333336,52.666666666666664,69.33333333333333,68.66666666666667,70.66666666666667,61.0,67.0,46.666666666666664,67.33333333333333,66.0,70.66666666666667,44.333333333333336,69.33333333333333,56.0,54.333333333333336,52.333333333333336,46.666666666666664,57.333333333333336,56.333333333333336,59.666666666666664,58.666666666666664,9.333333333333334,14.0,11.333333333333334,12.666666666666666,9.0,64.0,3
Haiti,10968.6,212377.7,23.9,63.4,69.9,928500.0,3900.0,1577.9,1.0,2.9,2.5,16.7,53.3,53.8,56.5,58.3,46.9,62.0,50.0,41.4,50.0,61.7,67.4,69.6,63.0,57.3,64.8,59.5,65.0,58.3,66.4,50.0,52.9,38.7,51.6,53.7,53.7,56.9,43.7,40.2,38.7,9.4,9.9,9.2,10.5,10.5,66.65,10
Honduras,6433.875,215512.0,26.8125,69.1875,72.3125,2527187.5,7500.0,1753.5,1.125,3.125,2.8125,20.125,56.625,53.125,61.125,63.9375,49.25,65.4375,53.9375,47.875,55.875,65.375,72.5,72.5,71.125,66.375,67.6875,62.9375,73.1875,69.375,70.75,54.0,64.8125,47.1875,58.9375,62.4375,57.125,63.8125,46.5,49.0625,47.0625,13.3125,12.75,13.1875,13.6875,14.4375,70.75,16
Hong Kong,14517.0,241027.5,28.0,60.5,66.5,145000.0,1500.0,1524.0,1.0,3.0,2.0,14.0,48.5,49.5,49.5,59.0,43.5,56.5,30.5,35.0,54.5,62.5,52.5,50.5,59.0,60.5,73.5,63.5,72.5,50.0,60.0,56.5,54.0,57.5,27.5,51.0,45.5,51.5,49.5,59.5,53.0,8.0,10.0,9.5,5.5,6.0,63.5,2
Hungary,6431.421052631579,213720.65789473685,25.526315789473685,69.23684210526316,73.21052631578948,1897500.0,6631.578947368421,1631.6842105263158,1.1842105263157894,3.1315789473684212,2.473684210526316,14.947368421052632,53.026315789473685,48.8421052631579,52.55263157894737,59.89473684210526,47.0,56.0,48.26315789473684,44.39473684210526,53.13157894736842,60.26315789473684,67.02631578947368,66.34210526315789,64.39473684210526,65.76315789473684,64.57894736842105,55.973684210526315,65.5,61.921052631578945,65.21052631578948,50.23684210526316,56.578947368421055,45.18421052631579,51.18421052631579,54.26315789473684,50.5,61.973684210526315,47.18421052631579,44.23684210526316,42.63157894736842,18.18421052631579,16.710526315789473,17.526315789473685,18.36842105263158,18.81578947368421,71.22368421052632,38
Iceland,8533.744680851063,207972.70212765958,25.872340425531913,66.8936170212766,71.38297872340425,1638723.4042553192,8148.936170212766,1670.063829787234,1.127659574468085,3.0851063829787235,2.3617021276595747,13.425531914893616,52.234042553191486,50.08510638297872,54.91489361702128,60.40425531914894,47.191489361702125,57.829787234042556,51.148936170212764,46.170212765957444,55.680851063829785,61.638297872340424,65.34042553191489,67.34042553191489,63.361702127659576,62.638297872340424,63.212765957446805,61.04255319148936,67.44680851063829,68.25531914893617,70.40425531914893,52.319148936170215,61.170212765957444,48.61702127659574,53.744680851063826,56.97872340425532,52.297872340425535,61.04255319148936,50.08510638297872,51.191489361702125,47.744680851063826,14.02127659574468,13.53191489361702,14.148936170212766,13.872340425531915,14.0,69.13829787234043,47
India,15262.133333333333,228652.96666666667,24.933333333333334,58.666666666666664,63.6,0.0,0.0,1402.8,1.0,2.966666666666667,1.9,12.0,40.7,38.666666666666664,46.9,44.8,36.3,44.86666666666667,36.8,39.86666666666667,36.56666666666667,46.96666666666667,66.5,65.73333333333333,63.6,56.766666666666666,64.66666666666667,46.166666666666664,58.733333333333334,57.93333333333333,62.3,38.56666666666667,43.03333333333333,38.8,41.733333333333334,42.3,44.766666666666666,50.43333333333333,39.03333333333333,39.1,37.5,16.8,16.2,16.466666666666665,17.266666666666666,16.4,61.13333333333333,30
Indonesia,16849.0,244623.0,17.0,56.0,74.0,180000.0,1000.0,1380.0,1.0,3.0,3.0,10.0,40.0,41.0,40.0,69.0,42.0,52.0,50.0,44.0,65.0,58.0,53.0,61.0,49.0,44.0,64.0,47.0,55.0,44.0,43.0,34.0,38.0,21.0,45.0,61.0,47.0,58.0,19.0,47.0,52.0,10.0,13.0,8.0,15.0,9.0,65.0,1
Iran,6666.823529411765,228134.82352941178,25.235294117647058,68.82352941176471,72.76470588235294,2627941.1764705884,11294.117647058823,1600.8823529411766,1.0588235294117647,3.176470588235294,2.588235294117647,15.176470588235293,52.294117647058826,45.294117647058826,50.23529411764706,58.11764705882353,45.64705882352941,54.1764705882353,48.0,43.529411764705884,49.88235294117647,59.8235294117647,65.11764705882354,65.6470588235294,63.88235294117647,65.23529411764706,63.1764705882353,55.705882352941174,62.64705882352941,62.8235294117647,62.64705882352941,48.76470588235294,55.470588235294116,44.35294117647059,48.0,53.11764705882353,46.05882352941177,59.05882352941177,45.588235294117645,43.529411764705884,41.23529411764706,20.11764705882353,19.58823529411765,20.41176470588235,20.235294117647058,20.529411764705884,70.79411764705883,17
Iraq,8410.0,210603.42857142858,25.142857142857142,67.0,71.14285714285714,1732857.142857143,5857.142857142857,1816.7142857142858,1.0,3.2857142857142856,2.857142857142857,20.714285714285715,59.57142857142857,57.857142857142854,53.142857142857146,65.0,56.0,67.71428571428571,65.28571428571429,63.142857142857146,61.142857142857146,68.14285714285714,73.71428571428571,71.14285714285714,76.0,65.14285714285714,69.57142857142857,70.71428571428571,63.142857142857146,69.71428571428571,63.42857142857143,62.0,62.142857142857146,56.0,59.285714285714285,61.857142857142854,56.142857142857146,65.57142857142857,56.714285714285715,58.285714285714285,51.0,12.285714285714286,10.285714285714286,11.714285714285714,10.0,9.428571428571429,69.07142857142857,7
Israel,4192.357142857143,205334.42857142858,28.214285714285715,72.14285714285714,73.0,4191071.4285714286,15857.142857142857,1764.5714285714287,1.2142857142857142,3.4285714285714284,2.9285714285714284,11.714285714285714,56.285714285714285,58.142857142857146,57.42857142857143,65.64285714285714,54.857142857142854,66.78571428571429,56.92857142857143,53.642857142857146,57.07142857142857,68.71428571428571,65.71428571428571,68.78571428571429,69.64285714285714,69.0,67.5,64.64285714285714,68.78571428571429,69.78571428571429,69.35714285714286,57.142857142857146,57.642857142857146,44.357142857142854,62.357142857142854,61.357142857142854,61.142857142857146,67.35714285714286,46.785714285714285,47.642857142857146,44.714285714285715,15.071428571428571,14.928571428571429,13.857142857142858,15.071428571428571,13.785714285714286,72.57142857142857,14
Italy,7621.792022792023,206580.9700854701,25.928774928774928,68.15811965811966,72.69088319088318,3047571.225071225,13478.632478632479,1604.5726495726497,1.2074391988555078,2.8469241773962803,2.396280400572246,21.10014306151645,49.76394849785408,43.679542203147356,53.73962804005723,58.93562231759657,44.39055793991416,55.35050071530758,47.85979971387697,43.072961373390555,52.735336194563665,59.22460658082976,63.167381974248926,63.34191702432046,63.065808297567955,64.03147353361946,62.858369098712444,56.546494992846924,65.2618025751073,62.42632331902718,65.11444921316166,47.95422031473534,55.42918454935622,47.60515021459227,49.03290414878398,51.652360515021456,48.389127324749644,62.53075822603719,49.1587982832618,48.359084406294706,46.66952789699571,17.386266094420602,17.105865522174536,16.482117310443492,16.98283261802575,17.660944206008583,70.42450142450143,702
Ivory Coast,6639.96,215124.65,25.18,69.39,74.12,3460200.0,12710.0,1709.06,1.19,3.04,2.66,18.19,53.72,51.17,57.48,63.06,48.04,63.62,51.37,46.16,55.61,64.68,72.26,72.17,69.89,64.91,67.4,61.15,68.56,67.99,69.8,52.7,62.17,49.09,56.46,57.05,53.43,62.44,47.81,49.83,47.21,12.47,13.17,13.1,12.61,12.92,71.755,100
Jamaica,8954.09375,197338.5625,28.125,66.625,68.71875,1901406.25,8187.5,1639.0625,1.03125,2.9375,2.34375,19.375,48.8125,51.5625,56.3125,56.96875,46.9375,60.25,49.1875,42.15625,47.78125,61.09375,71.34375,71.96875,66.96875,61.96875,66.28125,60.71875,70.03125,65.5,70.0,51.125,62.625,42.03125,56.8125,52.71875,53.375,59.3125,45.96875,44.3125,40.75,12.75,12.46875,12.90625,12.65625,12.71875,67.671875,32
Japan,11916.228033472804,228038.68619246862,26.15899581589958,62.62133891213389,66.63389121338912,831422.5941422594,3453.9748953974895,1507.2594142259413,1.0585774058577406,3.010460251046025,2.2489539748953975,19.794979079497907,47.73849372384937,42.43723849372385,47.11087866108787,56.13389121338912,39.56276150627615,51.23221757322176,43.78661087866109,39.49372384937239,50.01673640167364,54.87866108786611,62.73430962343096,62.08577405857741,63.20502092050209,59.10669456066945,65.22803347280335,50.03138075313807,64.5418410041841,61.06694560669456,61.54811715481171,42.58577405857741,49.55020920502092,41.7092050209205,46.53138075313807,50.52928870292887,44.32008368200837,53.0,42.95188284518829,44.19665271966527,41.38702928870293,16.535564853556487,16.297071129707113,16.144351464435147,16.35774058577406,16.351464435146443,64.6276150627615,478
Jordan,12419.0,226139.0,23.0,63.0,70.0,425000.0,1000.0,1653.0,1.0,3.0,2.0,22.0,60.0,36.0,48.0,59.0,45.0,62.0,62.0,49.0,53.0,65.0,70.0,75.0,71.0,60.0,70.0,60.0,71.0,75.0,60.0,46.0,57.0,55.0,43.0,42.0,33.0,49.0,63.0,55.0,58.0,9.0,10.0,9.0,15.0,7.0,66.5,1
Kazakhstan,10569.25,199283.75,26.25,64.75,66.5,587500.0,2000.0,1714.25,1.0,3.25,2.5,17.0,61.25,45.5,55.25,62.0,48.25,60.5,58.25,47.0,60.0,63.0,73.0,70.75,74.75,59.0,74.0,57.5,70.25,70.5,59.25,47.75,60.75,55.25,53.75,57.5,45.75,61.0,54.5,60.0,59.5,9.0,8.75,9.0,11.25,11.5,65.625,4
Kenya,10249.1,222227.7,24.8,65.4,70.3,2261000.0,11200.0,1625.1,1.1,3.0,2.4,24.2,48.2,50.2,54.5,61.4,43.5,61.0,44.6,41.9,55.1,62.1,72.2,72.7,65.3,60.2,64.0,60.6,68.7,66.7,67.3,52.0,59.3,45.7,55.8,53.0,45.6,60.0,50.1,46.4,44.9,9.6,10.5,9.5,12.5,10.0,67.85,10
Korea DPR,9457.75,204479.0,28.5,65.5,69.5,950000.0,4250.0,1684.25,1.25,3.25,2.75,33.75,53.0,64.0,62.5,63.25,58.25,65.0,57.0,54.75,53.0,65.75,59.75,64.25,62.0,65.25,63.25,63.25,67.25,61.5,68.0,63.75,55.25,38.75,62.25,64.0,60.75,63.5,37.25,39.5,32.75,12.5,11.0,12.75,12.25,10.5,67.5,4
Korea Republic,10905.23880597015,214260.94029850746,26.35223880597015,64.1820895522388,67.51940298507462,870955.223880597,3065.6716417910447,1559.7641791044775,1.0690690690690692,3.075075075075075,2.189189189189189,22.17117117117117,46.870870870870874,44.75675675675676,50.83783783783784,56.468468468468465,39.68168168168168,51.85885885885886,42.813813813813816,41.04204204204204,50.393393393393396,54.972972972972975,63.885885885885884,64.52852852852853,63.4984984984985,61.609609609609606,64.1921921921922,51.12012012012012,64.45945945945945,61.387387387387385,65.24924924924925,45.26126126126126,53.67867867867868,47.930930930930934,51.33633633633634,55.033033033033036,45.048048048048045,56.75975975975976,45.77777777777778,46.252252252252255,44.129129129129126,17.237237237237238,16.75075075075075,16.86786786786787,17.006006006006007,17.3993993993994,65.85074626865672,335
Kosovo,8882.151515151516,218833.63636363635,23.454545454545453,66.03030303030303,72.27272727272727,1842424.2424242424,6727.272727272727,1647.121212121212,1.0303030303030303,3.242424242424242,2.6666666666666665,27.272727272727273,53.42424242424242,53.0,52.24242424242424,60.75757575757576,49.90909090909091,62.27272727272727,54.303030303030305,45.515151515151516,52.666666666666664,62.90909090909091,70.03030303030303,69.57575757575758,70.18181818181819,61.39393939393939,67.6969696969697,59.696969696969695,65.0,66.24242424242425,62.24242424242424,53.333333333333336,58.121212121212125,41.54545454545455,56.06060606060606,57.72727272727273,52.93939393939394,59.303030303030305,42.96969696969697,42.666666666666664,40.333333333333336,12.848484848484848,12.878787878787879,12.787878787878787,11.969696969696969,11.878787878787879,69.15151515151516,33
Kuwait,5544.0,219106.0,31.0,70.0,70.0,1200000.0,13000.0,1760.0,1.0,3.0,3.0,4.0,54.0,43.0,60.0,78.0,44.0,67.0,65.0,70.0,74.0,72.0,54.0,62.0,60.0,66.0,45.0,69.0,33.0,72.0,77.0,68.0,63.0,64.0,58.0,74.0,38.0,73.0,63.0,66.0,61.0,9.0,7.0,6.0,7.0,11.0,70.0,1
Latvia,11365.5,210666.83333333334,29.0,63.166666666666664,66.33333333333333,445833.3333333333,2666.6666666666665,1328.1666666666667,1.0,2.6666666666666665,1.6666666666666667,17.5,30.0,29.5,45.166666666666664,41.833333333333336,27.666666666666668,32.5,25.666666666666668,25.833333333333332,35.5,37.0,52.5,52.0,45.833333333333336,55.166666666666664,50.166666666666664,41.666666666666664,69.83333333333333,54.833333333333336,70.33333333333333,29.5,47.666666666666664,39.833333333333336,34.333333333333336,46.333333333333336,37.5,57.333333333333336,39.666666666666664,42.166666666666664,40.5,29.5,30.333333333333332,28.666666666666668,29.333333333333332,29.833333333333332,64.75,6
Lebanon,9290.0,211828.0,29.0,66.0,66.0,500000.0,2000.0,1489.0,1.0,3.0,2.0,33.0,32.0,38.0,65.0,59.0,26.0,36.0,28.0,25.0,57.0,44.0,55.0,71.0,52.0,58.0,62.0,53.0,70.0,64.0,82.0,38.0,65.0,59.0,30.0,30.0,42.0,50.0,63.0,71.0,65.0,10.0,12.0,6.0,7.0,14.0,66.0,1
Liberia,7546.0,226535.0,25.0,68.0,73.0,1200000.0,3000.0,1673.0,1.0,3.0,3.0,10.0,53.0,67.0,64.0,58.0,61.0,66.0,52.0,37.0,36.0,64.0,86.0,92.0,69.0,64.0,73.0,64.0,75.0,86.0,72.0,54.0,61.0,29.0,69.0,60.0,57.0,61.0,19.0,14.0,13.0,11.0,11.0,10.0,12.0,14.0,70.5,1
Libya,5286.25,216103.25,25.0,70.0,73.5,2400000.0,4750.0,1719.5,1.0,2.75,3.75,15.5,62.5,52.75,44.0,66.5,47.5,73.75,55.75,51.25,58.75,72.0,83.25,79.0,83.5,65.0,75.75,59.75,61.5,71.75,59.25,53.25,49.5,45.25,61.25,60.25,52.75,62.5,36.0,42.5,45.0,10.25,10.75,7.25,10.0,12.0,71.75,4
Liechtenstein,10212.0,216074.33333333334,25.333333333333332,64.66666666666667,67.66666666666667,1078333.3333333333,5000.0,1712.6666666666667,1.0,3.0,2.6666666666666665,33.0,60.666666666666664,52.333333333333336,51.333333333333336,63.333333333333336,46.666666666666664,67.66666666666667,63.333333333333336,43.333333333333336,57.333333333333336,67.0,70.66666666666667,71.33333333333333,72.0,58.666666666666664,75.0,65.0,63.333333333333336,66.33333333333333,61.666666666666664,52.0,60.666666666666664,48.666666666666664,58.666666666666664,61.0,53.0,60.0,55.333333333333336,50.666666666666664,50.0,10.333333333333334,8.0,8.0,9.333333333333334,10.0,66.16666666666667,3
Lithuania,11215.625,212046.5,24.875,63.5,68.5,875625.0,2875.0,1510.0,1.0,3.25,2.375,19.25,45.5,43.75,51.375,57.375,42.5,55.375,46.75,45.875,51.75,55.875,59.0,61.0,57.125,57.75,59.0,53.125,60.75,55.0,71.0,48.375,48.875,41.375,45.0,48.125,47.0,54.375,41.875,39.0,37.75,16.625,15.75,17.0,16.125,17.25,66.0,8
Luxembourg,10984.75,222734.25,23.25,63.875,71.375,853750.0,4000.0,1612.75,1.0,2.875,2.25,21.75,48.0,34.875,59.25,62.5,44.125,54.875,47.375,45.125,55.875,60.75,59.5,57.5,62.125,59.25,62.75,56.625,65.375,66.5,66.25,43.25,63.25,60.25,45.25,51.375,49.125,55.0,58.0,61.5,60.625,10.125,10.25,9.5,11.75,9.875,67.625,8
Madagascar,8513.166666666666,206061.58333333334,27.5,66.91666666666667,68.83333333333333,1014166.6666666666,7750.0,1685.3333333333333,1.0833333333333333,2.6666666666666665,2.3333333333333335,17.833333333333332,59.416666666666664,41.583333333333336,58.75,65.66666666666667,41.75,55.75,49.166666666666664,45.166666666666664,59.916666666666664,63.166666666666664,70.58333333333333,68.75,65.08333333333333,63.583333333333336,69.08333333333333,54.166666666666664,71.58333333333333,68.41666666666667,67.08333333333333,44.833333333333336,63.25,59.666666666666664,52.083333333333336,53.5,48.416666666666664,60.333333333333336,53.666666666666664,58.083333333333336,60.166666666666664,9.666666666666666,11.083333333333334,11.083333333333334,10.083333333333334,11.083333333333334,67.875,12
Mali,6648.162790697675,216919.09302325582,24.74418604651163,68.97674418604652,73.69767441860465,2688372.093023256,10674.418604651162,1711.3023255813953,1.0232558139534884,2.7674418604651163,2.627906976744186,16.488372093023255,56.627906976744185,50.76744186046512,58.41860465116279,63.0,44.7906976744186,63.627906976744185,51.04651162790697,41.395348837209305,55.906976744186046,64.95348837209302,71.72093023255815,72.13953488372093,67.88372093023256,65.88372093023256,63.7906976744186,61.53488372093023,68.62790697674419,70.02325581395348,70.65116279069767,52.093023255813954,64.32558139534883,51.06976744186046,57.44186046511628,56.81395348837209,50.27906976744186,63.23255813953488,51.23255813953488,52.02325581395349,50.16279069767442,12.44186046511628,12.883720930232558,12.627906976744185,12.465116279069768,12.651162790697674,71.33720930232558,43
Malta,14383.0,208797.0,25.0,61.0,63.0,300000.0,2000.0,1467.0,1.0,3.0,3.0,11.0,57.0,57.0,38.0,56.0,37.0,67.0,48.0,39.0,56.0,66.0,70.0,71.0,72.0,44.0,86.0,45.0,59.0,52.0,38.0,46.0,34.0,21.0,57.0,55.0,46.0,45.0,36.0,28.0,29.0,7.0,14.0,11.0,10.0,15.0,62.0,1
Mauritania,10721.0,239193.5,23.0,64.5,70.0,600000.0,2000.0,1531.25,1.0,2.5,2.0,13.25,53.75,31.0,57.0,59.0,29.75,51.25,33.75,36.5,40.25,57.25,67.5,67.0,61.25,58.0,64.0,44.75,59.75,70.25,74.5,35.0,59.0,61.0,44.75,37.0,40.5,54.5,59.0,65.75,62.75,8.75,10.75,9.0,10.25,11.25,67.25,4
Mauritius,6763.0,199464.0,26.0,68.0,69.0,875000.0,4000.0,1646.0,1.0,3.0,2.0,14.0,59.0,38.0,67.0,62.0,31.0,60.0,41.0,36.0,56.0,60.0,68.0,67.0,65.0,64.0,60.0,55.0,71.0,78.0,75.0,39.0,71.0,66.0,35.0,46.0,36.0,63.0,65.0,68.0,67.0,9.0,9.0,5.0,8.0,9.0,68.5,1
Mexico,9804.494535519125,214831.5737704918,24.31967213114754,65.41803278688525,71.50819672131148,1684289.6174863388,8825.136612021857,1591.6748633879781,1.095890410958904,2.8958904109589043,2.2794520547945205,23.684931506849313,50.38904109589041,43.61095890410959,52.47123287671233,58.706849315068496,41.74794520547945,54.90958904109589,47.21095890410959,42.76438356164383,54.175342465753424,57.172602739726024,64.12876712328767,63.68493150684932,63.24657534246575,60.28767123287671,65.77260273972603,55.11780821917808,64.69589041095891,61.25753424657534,62.07671232876712,46.15068493150685,52.06301369863014,47.221917808219175,47.73150684931507,52.45753424657534,51.032876712328765,56.983561643835614,47.61917808219178,49.16438356164384,48.323287671232876,17.413698630136988,17.263013698630136,17.054794520547944,17.254794520547946,17.306849315068494,68.46311475409836,366
Moldova,8319.6,217051.4,23.6,66.2,73.2,2359000.0,11200.0,1521.6,1.2,2.8,2.2,45.2,42.0,46.8,56.2,54.0,45.2,50.4,40.4,48.8,49.2,52.4,57.8,53.6,49.8,61.4,51.2,54.0,52.8,55.6,70.2,44.8,52.6,42.6,49.2,55.0,46.0,63.0,41.8,45.6,42.2,21.6,22.8,20.8,22.8,22.0,69.7,5
Montenegro,7543.173913043478,216259.8260869565,25.0,68.47826086956522,72.95652173913044,3405869.565217391,13086.95652173913,1599.7391304347825,1.173913043478261,3.1739130434782608,2.5217391304347827,23.347826086956523,48.47826086956522,46.869565217391305,54.52173913043478,60.130434782608695,45.47826086956522,56.0,47.47826086956522,43.04347826086956,52.69565217391305,61.30434782608695,62.17391304347826,62.34782608695652,59.30434782608695,64.26086956521739,56.69565217391305,55.69565217391305,67.95652173913044,60.608695652173914,68.30434782608695,49.608695652173914,55.73913043478261,45.21739130434783,52.04347826086956,53.73913043478261,49.52173913043478,62.08695652173913,43.43478260869565,45.73913043478261,43.69565217391305,17.347826086956523,18.130434782608695,16.608695652173914,17.347826086956523,18.217391304347824,70.71739130434783,23
Montserrat,10572.0,202210.25,25.5,64.75,68.0,587500.0,3000.0,1656.75,1.0,2.5,2.25,12.0,48.5,48.25,58.25,58.25,45.0,53.5,49.25,47.5,51.25,57.0,70.25,75.0,65.75,61.5,60.25,56.25,60.25,73.5,72.5,45.75,60.75,53.75,55.5,55.25,48.5,58.75,55.0,56.0,55.0,10.25,13.75,11.0,13.0,11.25,66.375,4
Morocco,6038.011764705882,214374.95294117648,25.894117647058824,69.94117647058823,73.31764705882352,3948352.9411764704,14847.058823529413,1719.5294117647059,1.1529411764705881,3.1294117647058823,2.764705882352941,19.564705882352943,56.62352941176471,52.2,55.07058823529412,64.75294117647059,50.411764705882355,65.2235294117647,56.917647058823526,50.470588235294116,59.88235294117647,66.82352941176471,68.41176470588235,67.71764705882353,68.17647058823529,65.2,64.95294117647059,63.76470588235294,63.64705882352941,65.62352941176471,65.18823529411765,55.96470588235294,58.858823529411765,48.77647058823529,56.68235294117647,59.8235294117647,54.576470588235296,64.30588235294118,48.294117647058826,49.858823529411765,47.11764705882353,13.635294117647058,14.058823529411764,13.458823529411765,14.458823529411765,12.905882352941177,71.62941176470588,85
Mozambique,4850.0,219200.25,26.0,71.0,73.75,2850000.0,11000.0,1750.5,1.25,3.0,2.5,24.75,56.75,45.75,60.75,65.25,44.75,65.0,59.5,45.0,50.5,67.75,71.0,75.0,70.75,67.75,72.0,55.5,71.75,70.25,64.75,56.25,67.0,58.5,53.0,51.75,46.0,63.0,57.75,62.25,61.75,9.5,10.5,11.5,14.25,10.75,72.375,4
Namibia,9127.666666666666,219043.66666666666,24.666666666666668,66.0,71.33333333333333,783333.3333333334,3333.3333333333335,1575.0,1.0,2.6666666666666665,2.0,9.666666666666666,50.666666666666664,38.333333333333336,45.666666666666664,57.0,35.333333333333336,55.333333333333336,44.666666666666664,45.666666666666664,47.666666666666664,54.666666666666664,70.33333333333333,71.33333333333333,57.666666666666664,61.0,68.0,51.333333333333336,67.33333333333333,66.0,69.0,39.333333333333336,47.333333333333336,38.666666666666664,41.666666666666664,47.0,45.666666666666664,48.333333333333336,37.0,39.333333333333336,39.0,30.0,29.666666666666668,28.333333333333332,25.333333333333332,29.666666666666668,68.66666666666667,3
Netherlands,8069.039735099338,213890.2097130243,24.0,67.65342163355409,73.0242825607064,2870154.5253863134,10035.320088300221,1637.2251655629138,1.1504424778761062,3.079646017699115,2.4601769911504423,18.261061946902654,51.5287610619469,46.442477876106196,52.94469026548673,60.626106194690266,45.692477876106196,57.440265486725664,50.04203539823009,45.336283185840706,56.0,60.86504424778761,64.13938053097345,64.14159292035399,62.0,63.243362831858406,62.13716814159292,59.11504424778761,65.9933628318584,62.31858407079646,66.38495575221239,49.519911504424776,57.00442477876106,48.2212389380531,50.44469026548673,55.72787610619469,49.85176991150443,61.533185840707965,48.03761061946903,48.83849557522124,46.93805309734513,17.347345132743364,17.170353982300885,17.22566371681416,17.168141592920353,17.542035398230087,70.33885209713024,453
New Caledonia,4243.0,199511.0,30.0,71.0,71.0,1800000.0,9000.0,1597.0,1.0,3.0,2.0,24.0,53.0,29.0,65.0,63.0,16.0,23.0,38.0,33.0,58.0,62.0,64.0,54.0,64.0,71.0,56.0,50.0,79.0,64.0,84.0,39.0,73.0,74.0,39.0,42.0,49.0,46.0,67.0,70.0,69.0,12.0,14.0,6.0,10.0,7.0,71.0,1
New Zealand,12202.84090909091,215332.77272727274,24.25,62.61363636363637,68.06818181818181,957727.2727272727,4454.545454545455,1508.2272727272727,1.0227272727272727,2.772727272727273,2.090909090909091,15.318181818181818,45.15909090909091,41.63636363636363,46.65909090909091,53.02272727272727,36.77272727272727,50.95454545454545,43.43181818181818,39.84090909090909,49.13636363636363,52.06818181818182,64.22727272727273,64.5909090909091,61.52272727272727,58.70454545454545,62.20454545454545,47.18181818181818,64.54545454545455,60.38636363636363,65.27272727272727,41.59090909090909,52.88636363636363,45.61363636363637,46.04545454545455,50.43181818181818,43.61363636363637,56.43181818181818,43.75,43.45454545454545,41.45454545454545,18.886363636363637,18.045454545454547,18.113636363636363,18.09090909090909,18.977272727272727,65.3409090909091,44
Nicaragua,11011.0,220060.0,29.0,64.0,64.0,400000.0,1000.0,1568.5,1.0,2.0,2.0,27.0,47.0,34.0,63.0,58.0,31.0,45.0,45.0,59.0,55.0,48.0,68.0,64.0,49.0,54.0,59.0,65.0,74.0,70.0,77.0,48.0,70.0,66.0,28.0,32.0,48.0,58.0,64.0,67.0,65.0,13.0,12.0,7.0,13.0,7.0,64.0,2
Niger,11447.666666666666,223796.0,24.666666666666668,62.333333333333336,66.66666666666667,578333.3333333334,3666.6666666666665,1548.3333333333333,1.0,2.3333333333333335,2.3333333333333335,26.666666666666668,42.333333333333336,62.333333333333336,60.0,54.666666666666664,61.666666666666664,64.33333333333333,44.333333333333336,46.333333333333336,39.666666666666664,60.333333333333336,71.66666666666667,72.0,62.0,59.666666666666664,63.333333333333336,65.0,65.33333333333333,66.0,65.0,59.333333333333336,53.333333333333336,20.666666666666668,59.0,55.333333333333336,58.666666666666664,56.666666666666664,20.666666666666668,20.666666666666668,21.666666666666668,10.666666666666666,11.0,12.0,8.666666666666666,10.666666666666666,64.5,3
Nigeria,8241.04132231405,223369.20661157026,23.06611570247934,67.14876033057851,73.86776859504133,2534462.8099173554,9859.504132231405,1662.0661157024792,1.0495867768595042,3.0165289256198347,2.6611570247933884,25.512396694214875,51.31404958677686,53.81818181818182,57.99173553719008,60.71900826446281,49.84297520661157,64.58677685950413,48.20661157024794,40.074380165289256,51.099173553719005,64.56198347107438,75.0909090909091,75.73553719008264,69.4297520661157,62.107438016528924,67.36363636363636,62.83471074380165,68.3305785123967,68.99173553719008,69.59504132231405,53.30578512396694,58.30578512396694,40.82644628099174,57.396694214876035,54.01652892561984,53.19834710743802,59.98347107438016,42.760330578512395,43.53719008264463,40.96694214876033,11.041322314049587,11.099173553719009,11.239669421487603,11.396694214876034,11.28099173553719,70.50826446280992,121
Northern Ireland,11079.5125,200950.8,24.9375,63.4875,69.2625,868437.5,6825.0,1566.325,1.0632911392405062,2.949367088607595,2.2531645569620253,16.126582278481013,48.87341772151899,46.50632911392405,51.075949367088604,54.89873417721519,41.620253164556964,53.89873417721519,45.48101265822785,41.69620253164557,49.24050632911393,56.63291139240506,64.15189873417721,65.10126582278481,65.58227848101266,58.55696202531646,67.27848101265823,53.822784810126585,66.17721518987342,64.29113924050633,62.48101265822785,46.20253164556962,54.9746835443038,44.87341772151899,48.74683544303797,53.0126582278481,48.620253164556964,57.151898734177216,46.063291139240505,46.962025316455694,44.79746835443038,15.164556962025317,15.126582278481013,14.721518987341772,15.582278481012658,15.50632911392405,66.375,80
Norway,11440.733137829911,211215.8914956012,24.052785923753667,63.16129032258065,69.43695014662757,1007434.0175953079,3340.1759530791787,1577.1994134897361,1.0117302052785924,2.935483870967742,2.269794721407625,18.360703812316714,48.9208211143695,45.747800586510266,50.78592375366569,56.316715542522,43.74486803519061,53.6158357771261,47.3900293255132,42.645161290322584,50.82404692082111,56.950146627565985,64.49560117302053,64.25219941348973,63.205278592375365,58.94721407624633,64.58944281524927,57.18768328445748,64.49266862170089,64.50439882697947,65.50146627565982,47.41348973607038,54.9941348973607,47.21114369501466,50.205278592375365,52.929618768328446,45.71554252199414,57.31964809384164,46.407624633431084,47.25806451612903,45.158357771260995,15.346041055718475,15.085043988269796,15.082111436950147,14.82991202346041,15.44574780058651,66.2991202346041,341
Oman,3819.0,148684.0,36.0,72.0,72.0,425000.0,12000.0,1249.0,2.0,2.0,1.0,26.0,16.0,18.0,16.0,66.0,18.0,14.0,13.0,11.0,25.0,17.0,41.0,55.0,60.0,74.0,53.0,22.0,74.0,41.0,64.0,12.0,40.0,22.0,13.0,44.0,13.0,61.0,30.0,11.0,11.0,74.0,58.0,71.0,73.0,79.0,72.0,1
Palestine,9590.0,168629.0,31.0,66.0,66.0,575000.0,2000.0,1807.0,1.0,3.0,3.0,7.0,61.0,60.0,61.0,65.0,65.0,65.0,67.0,61.0,63.0,67.0,72.0,70.0,70.0,58.0,75.0,68.0,74.0,63.0,69.0,64.0,60.0,43.0,66.0,66.0,65.0,65.0,49.0,42.0,41.0,7.0,14.0,8.0,14.0,14.0,66.0,1
Panama,7687.733333333334,221418.53333333333,26.4,67.66666666666667,70.33333333333333,1163333.3333333333,3066.6666666666665,1603.7333333333333,1.0,2.933333333333333,2.4,18.533333333333335,44.266666666666666,45.333333333333336,61.4,60.266666666666666,41.06666666666667,54.666666666666664,43.333333333333336,40.0,51.8,61.06666666666667,63.6,65.86666666666666,60.86666666666667,64.66666666666667,60.0,61.333333333333336,64.06666666666666,66.13333333333334,72.86666666666666,52.53333333333333,61.6,50.4,52.46666666666667,49.86666666666667,52.46666666666667,60.6,51.93333333333333,50.13333333333333,48.266666666666666,9.333333333333334,11.4,10.866666666666667,9.2,10.666666666666666,69.0,15
Paraguay,6239.011764705882,218352.77647058823,26.094117647058823,69.61176470588235,72.94117647058823,2688647.0588235296,9117.64705882353,1687.4941176470588,1.0714285714285714,2.9761904761904763,2.619047619047619,14.773809523809524,53.38095238095238,54.464285714285715,60.857142857142854,63.464285714285715,50.32142857142857,61.523809523809526,51.785714285714285,46.333333333333336,54.904761904761905,64.89285714285714,67.29761904761905,67.97619047619048,66.66666666666667,66.3452380952381,65.98809523809524,62.5,66.89285714285714,66.48809523809524,67.23809523809524,54.75,58.55952380952381,44.416666666666664,58.0,56.55952380952381,56.845238095238095,62.26190476190476,47.79761904761905,45.916666666666664,43.48809523809524,12.904761904761905,12.571428571428571,13.273809523809524,13.214285714285714,12.654761904761905,71.2764705882353,85
Peru,5693.891891891892,212860.1081081081,25.864864864864863,70.21621621621621,73.64864864864865,2568243.243243243,7432.4324324324325,1687.5405405405406,1.135135135135135,3.108108108108108,2.7027027027027026,14.135135135135135,53.945945945945944,50.486486486486484,56.24324324324324,63.0,48.729729729729726,61.5945945945946,51.945945945945944,47.08108108108108,58.37837837837838,63.24324324324324,69.56756756756756,68.56756756756756,68.29729729729729,64.10810810810811,69.21621621621621,60.67567567567568,66.27027027027027,64.8108108108108,61.189189189189186,52.7027027027027,52.54054054054054,46.86486486486486,54.351351351351354,56.027027027027025,53.054054054054056,61.45945945945946,48.13513513513514,47.648648648648646,44.7027027027027,17.54054054054054,16.81081081081081,15.972972972972974,17.054054054054053,16.783783783783782,71.93243243243244,37
Philippines,9703.0,215422.5,23.5,65.0,71.5,1725000.0,14500.0,1369.0,1.0,3.0,1.5,13.5,31.0,19.0,30.5,37.5,22.5,35.5,28.5,23.5,33.0,40.0,65.0,67.0,61.0,64.0,59.0,43.5,60.5,42.5,75.5,25.0,39.5,40.5,33.0,47.0,39.5,51.5,33.0,36.0,32.5,44.5,39.5,36.5,40.5,43.0,68.25,2
Poland,11336.76857142857,213422.64857142858,24.56,63.22857142857143,68.82,1340771.4285714286,5131.428571428572,1516.6085714285714,1.0833333333333333,2.7902298850574714,2.1293103448275863,25.79310344827586,45.20402298850575,41.57183908045977,48.752873563218394,54.78448275862069,39.0,49.951149425287355,42.793103448275865,38.27873563218391,49.66379310344828,52.758620689655174,61.508620689655174,61.3448275862069,60.55747126436781,58.12643678160919,61.41379310344828,50.61206896551724,64.70689655172414,60.1867816091954,64.63218390804597,42.8132183908046,52.798850574712645,44.78735632183908,45.514367816091955,50.833333333333336,44.7816091954023,56.52298850574713,43.81896551724138,45.33620689655172,44.189655172413794,19.445402298850574,19.04022988505747,18.629310344827587,18.78448275862069,19.663793103448278,66.02428571428571,350
Portugal,5104.962732919254,208524.3198757764,25.76086956521739,71.34472049689441,75.29813664596273,5063664.596273292,14310.55900621118,1724.8354037267081,1.2267080745341614,3.046583850931677,2.770186335403727,22.180124223602483,56.52173913043478,48.891304347826086,54.37577639751553,64.11180124223603,48.909937888198755,62.56211180124224,56.077639751552795,48.67080745341615,57.98757763975155,65.12111801242236,67.09627329192547,66.36024844720497,68.16459627329192,68.53726708074534,66.96273291925466,62.81987577639752,65.99068322981367,65.72049689440993,64.53726708074534,52.83540372670807,61.577639751552795,50.70496894409938,55.36645962732919,59.19565217391305,53.475155279503106,64.99378881987577,49.74223602484472,51.43788819875776,48.18012422360248,16.736024844720497,16.67080745341615,16.214285714285715,16.493788819875775,16.785714285714285,73.32142857142857,322
Puerto Rico,12112.0,164618.0,34.0,63.0,63.0,110000.0,2000.0,1492.0,1.0,2.0,2.0,12.0,56.0,29.0,58.0,60.0,54.0,54.0,42.0,23.0,55.0,52.0,53.0,43.0,60.0,58.0,60.0,45.0,75.0,44.0,74.0,30.0,72.0,60.0,32.0,31.0,44.0,59.0,59.0,62.0,61.0,9.0,12.0,6.0,10.0,9.0,63.0,1
Qatar,12797.0,245688.0,24.0,63.0,68.0,425000.0,1000.0,1348.0,1.0,3.0,2.0,5.0,34.0,17.0,58.0,61.0,25.0,28.0,20.0,22.0,48.0,48.0,50.0,48.0,58.0,51.0,63.0,36.0,76.0,66.0,69.0,22.0,60.0,55.0,24.0,44.0,26.0,46.0,63.0,70.0,63.0,9.0,7.0,8.0,8.0,11.0,65.5,1
Republic of Ireland,12933.35054347826,206595.8152173913,24.668478260869566,60.88586956521739,66.88858695652173,671657.6086956522,4986.413043478261,1508.5923913043478,1.0353260869565217,2.807065217391304,2.152173913043478,16.91576086956522,46.53804347826087,42.14945652173913,49.744565217391305,54.25,39.89945652173913,50.73097826086956,44.17663043478261,40.91304347826087,49.61684782608695,53.33152173913044,60.67663043478261,60.75815217391305,60.90760869565217,55.90217391304348,62.26902173913044,50.76086956521739,63.41304347826087,61.36684782608695,62.35597826086956,42.73097826086956,55.078804347826086,44.358695652173914,46.07608695652174,50.33967391304348,46.317934782608695,54.733695652173914,44.99728260869565,46.37771739130435,44.49184782608695,15.85054347826087,15.657608695652174,15.741847826086957,15.592391304347826,15.945652173913043,63.88722826086956,368
Romania,6364.87037037037,216935.38888888888,25.40740740740741,69.16666666666667,73.66666666666667,2166111.111111111,8166.666666666667,1690.4444444444443,1.1296296296296295,3.1481481481481484,2.4814814814814814,21.61111111111111,54.55555555555556,50.51851851851852,54.888888888888886,60.833333333333336,49.27777777777778,58.74074074074074,53.074074074074076,49.98148148148148,57.46296296296296,61.166666666666664,67.55555555555556,66.74074074074075,67.37037037037037,66.29629629629629,67.33333333333333,60.68518518518518,62.425925925925924,66.98148148148148,66.53703703703704,53.351851851851855,59.648148148148145,47.74074074074074,54.925925925925924,56.648148148148145,52.68518518518518,63.092592592592595,46.370370370370374,48.96296296296296,47.2037037037037,15.944444444444445,15.944444444444445,16.27777777777778,16.09259259259259,16.22222222222222,71.41666666666667,54
Russia,6259.835443037975,212599.18987341772,24.962025316455698,70.0632911392405,75.34177215189874,3238227.8481012657,3316.4556962025317,1649.126582278481,1.2025316455696202,3.1012658227848102,2.3797468354430378,32.177215189873415,51.20253164556962,49.12658227848101,52.08860759493671,61.379746835443036,44.12658227848101,56.40506329113924,47.51898734177215,46.0,56.36708860759494,58.78481012658228,64.44303797468355,65.0886075949367,60.65822784810127,65.53164556962025,61.151898734177216,56.75949367088607,62.78481012658228,63.18987341772152,64.48101265822785,49.58227848101266,55.40506329113924,48.46835443037975,51.79746835443038,57.59493670886076,50.11392405063291,60.607594936708864,48.22784810126582,48.75949367088607,47.24050632911393,21.0126582278481,20.31645569620253,20.924050632911392,21.0126582278481,21.582278481012658,72.70253164556962,79
Rwanda,12608.0,243339.0,21.0,63.0,71.0,475000.0,2000.0,1853.0,1.0,3.0,2.0,8.0,65.0,58.0,61.0,66.0,68.0,60.0,60.0,65.0,67.0,62.0,74.0,71.0,75.0,56.0,69.0,75.0,75.0,63.0,67.0,70.0,63.0,60.0,61.0,60.0,58.0,63.0,61.0,60.0,62.0,6.0,12.0,8.0,7.0,8.0,67.0,1
Saudi Arabia,13492.182352941176,227125.25294117647,24.558823529411764,60.76764705882353,66.36764705882354,416602.9411764706,5117.64705882353,1467.7264705882353,1.0148367952522255,2.916913946587537,2.1275964391691393,26.002967359050444,44.47181008902077,38.58753709198813,46.281899109792285,52.231454005934715,35.43620178041543,48.839762611275965,39.160237388724035,36.78338278931751,46.62611275964392,51.29673590504451,63.38575667655786,63.8160237388724,61.25816023738872,55.90504451038576,66.1572700296736,45.91394658753709,64.66172106824926,59.47774480712166,61.56379821958457,39.27893175074184,51.04451038575667,42.997032640949556,44.317507418397625,48.06231454005935,42.81305637982196,50.4272997032641,42.789317507418396,44.26409495548961,42.73887240356083,17.362017804154302,17.0919881305638,16.706231454005934,17.275964391691396,17.45994065281899,63.56764705882353,340
Scotland,10694.545454545454,204429.57692307694,24.933566433566433,63.97902097902098,70.26923076923077,1222814.6853146853,7975.524475524476,1589.5804195804196,1.03886925795053,2.9469964664310955,2.381625441696113,17.0,49.75265017667844,45.74911660777385,51.76678445229682,57.53003533568904,41.75618374558304,55.92226148409894,48.03533568904594,43.15194346289753,52.29681978798587,58.15194346289753,64.74911660777386,65.09187279151944,64.95406360424029,58.93286219081272,65.97526501766785,54.78798586572438,65.21908127208481,65.34275618374558,64.69611307420494,46.19434628975265,57.71731448763251,46.32508833922262,49.68197879858657,53.91166077738516,49.2226148409894,57.80918727915194,46.75971731448763,48.71378091872791,46.33922261484099,14.219081272084805,14.187279151943462,14.113074204946997,14.498233215547703,14.477031802120141,67.12412587412588,286
Senegal,7282.5615384615385,214064.6923076923,25.361538461538462,68.61538461538461,72.92307692307692,3545076.923076923,14361.538461538461,1661.753846153846,1.1692307692307693,2.953846153846154,2.5307692307692307,21.630769230769232,50.06923076923077,49.738461538461536,60.96153846153846,60.89230769230769,46.41538461538462,60.07692307692308,47.26923076923077,42.0,52.46923076923077,62.353846153846156,68.26923076923077,70.23846153846154,65.72307692307692,63.815384615384616,61.02307692307692,61.06153846153846,70.17692307692307,66.48461538461538,71.07692307692308,50.57692307692308,61.06153846153846,47.3,55.13076923076923,54.146153846153844,51.89230769230769,62.40769230769231,47.39230769230769,49.0,46.292307692307695,14.276923076923078,13.461538461538462,13.623076923076923,13.446153846153846,14.038461538461538,70.76923076923077,130
Serbia,6282.261904761905,219717.49206349207,25.642857142857142,69.92857142857143,73.65079365079364,4157817.4603174604,13404.761904761905,1666.3333333333333,1.1904761904761905,2.9365079365079363,2.492063492063492,18.634920634920636,53.111111111111114,47.72222222222222,58.75396825396825,62.23015873015873,46.285714285714285,58.53968253968254,51.67460317460318,45.992063492063494,56.67460317460318,61.70634920634921,62.01587301587302,62.13492063492063,60.08730158730159,65.1984126984127,58.142857142857146,61.23015873015873,64.5079365079365,65.28571428571429,71.04761904761905,52.07142857142857,62.317460317460316,51.642857142857146,52.23809523809524,55.95238095238095,50.73015873015873,63.73809523809524,52.03174603174603,53.27777777777778,51.13492063492063,14.023809523809524,14.476190476190476,14.293650793650794,14.785714285714286,15.015873015873016,71.78968253968254,126
Sierra Leone,10011.0,216357.33333333334,24.833333333333332,65.33333333333333,70.83333333333333,1092500.0,4000.0,1665.1666666666667,1.0,3.0,2.5,30.166666666666668,52.5,54.0,59.5,57.833333333333336,51.0,64.16666666666667,49.0,44.666666666666664,47.0,63.333333333333336,77.16666666666667,79.16666666666667,75.5,58.666666666666664,66.83333333333333,60.0,70.5,74.16666666666667,70.5,54.0,66.0,36.666666666666664,58.666666666666664,54.0,53.5,56.833333333333336,43.333333333333336,39.166666666666664,38.333333333333336,9.833333333333334,8.5,9.666666666666666,8.166666666666666,9.833333333333334,68.08333333333333,6
Slovakia,7670.722222222223,217742.85185185185,26.27777777777778,68.4074074074074,72.79629629629629,3826111.111111111,11000.0,1538.851851851852,1.1296296296296295,3.037037037037037,2.185185185185185,21.35185185185185,44.370370370370374,39.74074074074074,46.22222222222222,56.888888888888886,38.851851851851855,50.24074074074074,42.01851851851852,37.46296296296296,53.129629629629626,53.81481481481482,58.129629629629626,57.7962962962963,58.51851851851852,64.14814814814815,59.68518518518518,50.94444444444444,61.68518518518518,59.05555555555556,64.05555555555556,42.111111111111114,52.629629629629626,45.22222222222222,43.68518518518518,54.44444444444444,43.0,59.851851851851855,46.129629629629626,47.166666666666664,44.5,25.14814814814815,24.09259259259259,24.59259259259259,24.14814814814815,25.22222222222222,70.60185185185185,54
Slovenia,6842.127272727273,215870.78181818183,26.472727272727273,69.52727272727273,72.74545454545455,4469545.454545454,11127.272727272728,1643.0727272727272,1.2545454545454546,3.0727272727272728,2.4,20.254545454545454,52.345454545454544,44.96363636363636,52.58181818181818,61.472727272727276,46.72727272727273,56.32727272727273,49.09090909090909,46.345454545454544,57.14545454545455,60.14545454545455,65.67272727272727,64.25454545454545,61.8,65.05454545454545,60.2,57.61818181818182,64.01818181818182,62.872727272727275,69.69090909090909,49.10909090909091,56.8,48.872727272727275,51.50909090909091,55.07272727272727,50.36363636363637,63.54545454545455,50.27272727272727,49.6,47.69090909090909,17.727272727272727,17.21818181818182,16.2,17.072727272727274,17.236363636363638,71.13636363636364,55
South Africa,7882.816901408451,222686.74647887325,26.422535211267604,67.47887323943662,70.54929577464789,1138169.014084507,2464.788732394366,1632.8591549295775,1.0140845070422535,3.140845070422535,2.591549295774648,20.690140845070424,51.394366197183096,48.66197183098591,51.943661971830984,59.67605633802817,45.140845070422536,60.563380281690144,47.15492957746479,44.66197183098591,55.225352112676056,61.76056338028169,70.28169014084507,69.71830985915493,61.61971830985915,60.309859154929576,70.8169014084507,55.49295774647887,63.352112676056336,63.943661971830984,57.50704225352113,48.76056338028169,51.23943661971831,45.859154929577464,51.71830985915493,53.84507042253521,49.29577464788732,60.859154929577464,52.943661971830984,51.2112676056338,48.23943661971831,16.56338028169014,16.028169014084508,16.0,15.774647887323944,16.183098591549296,69.01408450704226,71
South Sudan,14894.0,241502.0,25.0,60.0,63.0,260000.0,2000.0,1397.0,1.0,4.0,2.0,7.0,34.0,62.0,55.0,45.0,43.0,57.0,58.0,28.0,27.0,52.0,79.0,81.0,61.0,45.0,57.0,60.0,71.0,46.0,73.0,54.0,30.0,23.0,59.0,49.0,50.0,46.0,22.0,20.0,15.0,9.0,6.0,7.0,10.0,9.0,61.5,1
Spain,6631.419776119403,211509.63619402985,25.325559701492537,69.69869402985074,74.61660447761194,4390718.2835820895,16322.76119402985,1664.8703358208954,1.1802054154995332,3.0046685340802988,2.4789915966386555,17.552754435107378,54.374416433239965,48.765639589169,53.6171802054155,63.53408029878618,44.51260504201681,58.12231559290383,52.673202614379086,47.128851540616246,56.8422035480859,62.894491129785244,63.58730158730159,63.435107376283845,63.98225957049486,65.43977591036415,64.53408029878618,57.979458450046685,64.953314659197,63.23622782446312,64.00093370681606,50.183940242763775,56.43977591036415,50.36974789915966,53.631185807656394,57.08496732026144,51.014939309056956,60.66946778711485,50.31839402427638,50.4500466853408,48.22222222222222,16.81139122315593,16.835667600373483,16.408029878618112,16.703081232493,16.868347338935575,72.15764925373135,1072
St Kitts Nevis,12339.0,220145.0,26.333333333333332,62.0,63.333333333333336,1023333.3333333334,10000.0,1552.3333333333333,1.0,2.6666666666666665,2.6666666666666665,18.333333333333332,49.666666666666664,44.666666666666664,51.0,57.666666666666664,45.0,60.0,44.666666666666664,45.0,53.0,62.333333333333336,69.33333333333333,69.33333333333333,66.33333333333333,56.333333333333336,70.0,54.0,66.33333333333333,59.666666666666664,64.66666666666667,48.0,40.0,40.666666666666664,47.0,50.333333333333336,49.0,53.666666666666664,49.333333333333336,45.666666666666664,40.0,10.666666666666666,10.0,10.333333333333334,14.0,8.333333333333334,62.666666666666664,3
St Lucia,11032.0,209675.0,24.0,64.0,68.0,500000.0,1000.0,1588.0,1.0,3.0,2.0,2.0,56.0,23.0,62.0,56.0,37.0,52.0,24.0,24.0,44.0,54.0,79.0,80.0,62.0,60.0,61.0,50.0,72.0,68.0,75.0,35.0,70.0,61.0,45.0,45.0,46.0,59.0,61.0,63.0,62.0,13.0,12.0,6.0,16.0,14.0,66.0,1
Sudan,12863.333333333334,241656.33333333334,26.333333333333332,62.666666666666664,66.0,456666.6666666667,5333.333333333333,1568.3333333333333,1.0,3.0,2.6666666666666665,20.666666666666668,53.0,54.333333333333336,50.333333333333336,58.0,45.333333333333336,62.0,45.666666666666664,46.0,48.333333333333336,61.333333333333336,70.66666666666667,69.66666666666667,65.0,57.0,67.33333333333333,56.666666666666664,62.666666666666664,69.0,56.666666666666664,52.333333333333336,44.666666666666664,36.666666666666664,61.0,56.333333333333336,49.333333333333336,54.0,47.0,35.0,36.666666666666664,12.0,10.0,7.333333333333333,12.0,9.0,64.33333333333333,3
Suriname,7925.5,215011.0,25.25,67.0,69.5,868750.0,3000.0,1716.0,1.0,3.0,2.5,13.5,64.0,44.5,63.0,66.0,47.5,63.0,48.5,38.0,60.0,64.75,66.5,75.0,64.25,62.25,60.75,65.5,70.0,73.0,75.75,49.25,67.75,55.5,58.25,53.75,40.25,62.75,54.5,58.5,56.0,10.75,9.75,9.5,10.0,10.0,68.25,4
Sweden,11044.093198992443,210877.44584382873,24.838790931989923,63.622166246851386,68.93954659949623,1137481.1083123425,4075.5667506297227,1548.4962216624685,1.0555555555555556,2.8106060606060606,2.217171717171717,17.421717171717173,47.55808080808081,43.55808080808081,47.638888888888886,56.601010101010104,42.27272727272727,52.823232323232325,47.24747474747475,41.313131313131315,51.96212121212121,56.303030303030305,62.85353535353536,63.15151515151515,62.186868686868685,59.06060606060606,61.89141414141414,53.02777777777778,62.96969696969697,62.80050505050505,65.67424242424242,46.17424242424242,55.803030303030305,44.333333333333336,47.72979797979798,53.156565656565654,44.525252525252526,57.42929292929293,46.64141414141414,44.52777777777778,42.58838383838384,16.383838383838384,16.47222222222222,16.37878787878788,16.305555555555557,16.58080808080808,66.2808564231738,397
Switzerland,9680.75,206429.29090909092,24.64090909090909,65.47727272727273,71.98181818181818,2119545.4545454546,10154.545454545454,1577.6136363636363,1.1772727272727272,3.0454545454545454,2.2181818181818183,21.722727272727273,48.4,44.05,50.33181818181818,57.18636363636364,41.34090909090909,52.30909090909091,45.78636363636364,41.22727272727273,52.27272727272727,56.32272727272727,63.39545454545455,63.70909090909091,61.986363636363635,60.777272727272724,63.231818181818184,54.13636363636363,65.00909090909092,62.27272727272727,66.22272727272727,45.05909090909091,54.54090909090909,46.83181818181818,49.38636363636363,53.027272727272724,46.60454545454545,58.31818181818182,47.36818181818182,48.095454545454544,46.42727272727273,18.277272727272727,18.086363636363636,17.504545454545454,18.063636363636363,18.568181818181817,68.72954545454546,220
Syria,7047.0,227245.11111111112,26.0,68.55555555555556,71.44444444444444,2983888.888888889,13333.333333333334,1752.5555555555557,1.1111111111111112,3.0,2.7777777777777777,28.333333333333332,60.55555555555556,59.22222222222222,49.666666666666664,67.11111111111111,53.77777777777778,67.22222222222223,62.333333333333336,57.77777777777778,60.55555555555556,68.11111111111111,71.66666666666667,69.0,72.55555555555556,63.22222222222222,68.33333333333333,66.66666666666667,61.77777777777778,69.44444444444444,66.77777777777777,63.22222222222222,63.666666666666664,45.333333333333336,60.77777777777778,65.33333333333333,55.44444444444444,62.22222222222222,49.333333333333336,42.888888888888886,39.55555555555556,10.222222222222221,8.777777777777779,10.88888888888889,10.333333333333334,11.0,70.0,9
So Tom & Prncipe,3552.0,205425.0,31.0,72.0,72.0,2800000.0,15000.0,1825.0,1.0,3.0,3.0,7.0,64.0,72.0,67.0,62.0,69.0,65.0,62.0,73.0,57.0,69.0,75.0,74.0,69.0,75.0,74.0,81.0,61.0,68.0,75.0,69.0,72.0,34.0,71.0,61.0,66.0,66.0,30.0,30.0,27.0,8.0,9.0,12.0,13.0,11.0,72.0,1
Tanzania,9066.666666666666,234448.0,22.0,67.0,74.0,3675000.0,7000.0,1677.0,1.0,3.3333333333333335,2.6666666666666665,18.666666666666668,56.666666666666664,66.0,59.333333333333336,58.666666666666664,61.333333333333336,69.66666666666667,51.666666666666664,47.666666666666664,44.666666666666664,63.333333333333336,84.0,82.33333333333333,78.0,58.0,76.0,68.33333333333333,68.66666666666667,59.0,65.66666666666667,56.333333333333336,49.333333333333336,23.333333333333332,65.66666666666667,53.666666666666664,63.333333333333336,62.666666666666664,37.666666666666664,31.333333333333332,25.0,11.333333333333334,13.0,9.333333333333334,9.0,9.666666666666666,70.5,3
Thailand,12251.0,230826.8,25.0,62.4,66.2,490000.0,2400.0,1578.2,1.0,2.8,2.6,29.8,54.8,52.4,45.8,57.6,50.4,65.0,58.0,48.6,53.6,62.8,71.0,70.8,72.0,58.6,72.2,57.2,55.8,57.8,53.0,50.6,45.4,39.4,59.8,56.6,52.0,54.6,40.4,34.2,32.8,11.2,12.0,9.6,8.2,8.6,64.3,5
Togo,5277.5,187476.41666666666,28.25,71.33333333333333,72.91666666666667,3770833.3333333335,16000.0,1793.5,1.3333333333333333,3.1666666666666665,2.8333333333333335,12.333333333333334,61.333333333333336,55.75,64.41666666666667,68.5,56.916666666666664,66.16666666666667,57.666666666666664,52.5,60.333333333333336,69.08333333333333,74.83333333333333,76.08333333333333,72.58333333333333,67.75,68.5,70.0,71.75,66.08333333333333,69.16666666666667,60.083333333333336,64.75,46.583333333333336,60.833333333333336,62.833333333333336,58.0,64.66666666666667,45.833333333333336,45.583333333333336,42.666666666666664,11.666666666666666,11.083333333333334,11.833333333333334,11.416666666666666,10.916666666666666,72.125,12
Trinidad & Tobago,7794.0,171778.5,31.75,66.75,66.75,2450000.0,9000.0,1649.25,1.0,2.5,2.5,35.75,53.0,47.5,47.25,58.5,42.5,57.75,50.75,47.75,54.0,59.5,60.5,58.25,59.5,63.75,63.5,62.25,65.25,63.5,69.0,54.0,57.0,45.5,56.5,56.75,47.25,64.5,48.0,50.75,48.25,17.75,21.5,24.0,21.25,16.75,66.75,4
Tunisia,7300.21875,214197.90625,26.46875,68.25,71.3125,2073125.0,9218.75,1661.9375,1.0625,2.96875,2.6875,14.40625,55.75,52.21875,56.375,62.0,49.1875,61.375,50.09375,46.09375,55.40625,62.375,67.0,66.0625,65.125,62.75,63.53125,60.625,65.5,63.84375,67.03125,53.8125,58.40625,44.5625,53.75,56.78125,53.625,62.5,45.90625,46.28125,44.34375,14.375,14.25,13.46875,14.53125,15.5,69.78125,32
Turkey,9166.815181518152,213858.77557755777,24.712871287128714,66.07260726072607,71.7887788778878,1882392.7392739274,10442.244224422442,1577.5247524752476,1.0924092409240924,2.7524752475247523,2.3069306930693068,29.976897689768975,48.943894389438945,43.21452145214521,51.06270627062706,57.722772277227726,41.801980198019805,55.09240924092409,47.51155115511551,42.85808580858086,52.617161716171616,56.524752475247524,62.386138613861384,62.52805280528053,61.95049504950495,61.86138613861386,64.77557755775578,55.3003300330033,63.18151815181518,58.442244224422446,61.05940594059406,46.71617161716171,55.07260726072607,45.42904290429043,47.557755775577554,51.943894389438945,48.56105610561056,56.33003300330033,45.35643564356435,47.84488448844885,46.40594059405941,18.848184818481847,18.986798679867988,18.247524752475247,18.735973597359735,18.983498349834985,68.93069306930693,303
Uganda,12276.5,224404.33333333334,23.833333333333332,62.5,68.33333333333333,553333.3333333334,2000.0,1626.1666666666667,1.0,2.8333333333333335,2.5,23.166666666666668,50.833333333333336,45.166666666666664,50.333333333333336,57.0,44.833333333333336,59.5,45.666666666666664,39.5,51.0,58.166666666666664,72.0,74.16666666666667,66.16666666666667,59.333333333333336,63.166666666666664,56.5,67.33333333333333,71.16666666666667,69.83333333333333,45.166666666666664,58.666666666666664,54.166666666666664,52.666666666666664,51.5,52.333333333333336,55.0,51.166666666666664,53.666666666666664,51.833333333333336,10.833333333333334,11.833333333333334,9.166666666666666,10.833333333333334,10.666666666666666,65.41666666666667,6
Ukraine,5702.575342465753,224405.72602739726,25.136986301369863,70.42465753424658,75.0958904109589,4092328.7671232875,5986.301369863014,1628.849315068493,1.1232876712328768,3.0273972602739727,2.452054794520548,27.958904109589042,49.15068493150685,48.9041095890411,52.63013698630137,61.89041095890411,43.10958904109589,54.9041095890411,45.75342465753425,44.657534246575345,55.41095890410959,59.38356164383562,62.73972602739726,63.657534246575345,59.726027397260275,68.42465753424658,58.61643835616438,56.9041095890411,61.534246575342465,63.54794520547945,66.78082191780823,51.42465753424658,55.93150684931507,49.863013698630134,51.21917808219178,57.56164383561644,46.342465753424655,61.56164383561644,49.794520547945204,49.71232876712329,47.80821917808219,18.465753424657535,18.19178082191781,18.21917808219178,18.91780821917808,18.82191780821918,72.76027397260275,73
United Arab Emirates,1170.0,245221.0,26.0,77.0,78.0,10500000.0,39000.0,1862.0,2.0,3.0,5.0,21.0,76.0,70.0,35.0,75.0,65.0,80.0,77.0,75.0,77.0,76.0,85.0,77.0,87.0,65.0,85.0,72.0,53.0,74.0,43.0,72.0,44.0,25.0,70.0,80.0,64.0,68.0,46.0,26.0,30.0,12.0,13.0,14.0,11.0,8.0,77.5,1
United States,9899.665722379603,215938.7478753541,25.090651558073656,65.1728045325779,70.51558073654391,1183696.8838526912,4257.790368271954,1546.8045325779037,1.0538243626062322,2.7932011331444757,2.1558073654390935,19.164305949008497,43.73654390934844,40.87252124645892,48.77903682719547,56.3342776203966,40.05665722379604,50.303116147308785,44.15014164305949,38.37960339943343,50.60339943342776,53.35127478753541,62.538243626062325,62.994334277620396,60.580736543909346,60.74504249291785,60.75354107648725,51.580736543909346,66.3314447592068,61.04532577903683,65.92351274787535,41.81869688385269,57.04532577903683,45.25212464589235,45.03399433427762,50.594900849858355,44.960339943342774,56.110481586402265,46.1586402266289,45.6600566572238,43.82152974504249,21.660056657223794,21.099150141643058,21.54957507082153,21.339943342776206,21.793201133144475,67.84419263456091,353
Uruguay,5894.825503355704,218216.31543624162,26.610738255033556,70.42953020134229,73.38255033557047,4811073.825503356,17006.71140939597,1682.6308724832215,1.1812080536912752,2.966442953020134,2.530201342281879,16.91946308724832,52.348993288590606,49.84563758389262,57.97315436241611,62.33557046979866,47.0,59.369127516778526,50.966442953020135,48.53691275167785,56.14093959731544,62.852348993288594,65.79194630872483,65.64429530201342,64.20805369127517,65.81208053691275,64.69127516778524,60.20134228187919,67.01342281879195,65.58389261744966,67.57718120805369,52.54362416107382,61.51006711409396,48.691275167785236,54.288590604026844,55.68456375838926,52.986577181208055,63.38255033557047,49.711409395973156,49.852348993288594,47.147651006711406,15.221476510067115,15.308724832214764,15.120805369127517,15.080536912751677,15.590604026845638,71.90604026845638,149
Uzbekistan,8455.0,189585.0,29.5,67.5,67.5,3100000.0,9000.0,1813.5,1.0,3.5,2.5,16.5,57.5,59.5,53.5,69.0,30.5,65.5,53.0,54.0,64.5,70.5,71.5,64.0,65.5,69.0,66.5,71.5,70.5,70.0,69.0,49.0,70.5,65.5,60.5,65.5,53.0,59.5,57.5,69.0,66.0,13.5,13.0,12.5,10.5,12.5,67.5,2
Venezuela,8122.940298507463,224879.64179104476,24.313432835820894,67.26865671641791,73.14925373134328,2237313.432835821,6194.0298507462685,1611.4626865671642,1.106060606060606,3.0606060606060606,2.5303030303030303,16.984848484848484,49.74242424242424,49.28787878787879,54.515151515151516,60.28787878787879,47.015151515151516,57.696969696969695,49.803030303030305,44.15151515151515,52.93939393939394,60.74242424242424,66.77272727272727,66.83333333333333,65.15151515151516,62.13636363636363,66.12121212121212,59.68181818181818,66.34848484848484,62.54545454545455,64.31818181818181,50.03030303030303,56.21212121212121,41.43939393939394,53.09090909090909,52.71212121212121,53.18181818181818,59.72727272727273,44.89393939393939,43.303030303030305,42.28787878787879,13.833333333333334,13.287878787878787,13.5,14.363636363636363,14.287878787878787,70.2089552238806,67
Wales,10708.286821705426,201690.6511627907,24.73643410852713,64.13953488372093,69.96899224806202,1755542.6356589147,12093.023255813954,1547.6666666666667,1.0930232558139534,2.875968992248062,2.248062015503876,18.07751937984496,47.968992248062015,41.98449612403101,51.36434108527132,56.093023255813954,38.7906976744186,52.65891472868217,44.24031007751938,38.713178294573645,51.248062015503876,55.81395348837209,63.13953488372093,62.89147286821706,62.372093023255815,58.44186046511628,65.27906976744185,50.18604651162791,66.8062015503876,63.15503875968992,65.24031007751938,41.97674418604651,54.91472868217054,46.92248062015504,45.8062015503876,50.72868217054263,46.24031007751938,56.31782945736434,48.224806201550386,49.34108527131783,46.96124031007752,16.325581395348838,15.937984496124031,16.05426356589147,15.968992248062015,15.875968992248062,67.05426356589147,129
Zambia,9889.0,236750.55555555556,22.22222222222222,65.22222222222223,73.77777777777777,1129444.4444444445,3444.4444444444443,1624.6666666666667,1.0,2.7777777777777777,2.3333333333333335,17.555555555555557,49.666666666666664,60.0,55.333333333333336,59.55555555555556,57.111111111111114,61.55555555555556,48.55555555555556,49.111111111111114,47.666666666666664,62.666666666666664,75.88888888888889,74.66666666666667,67.0,59.22222222222222,68.44444444444444,63.666666666666664,71.0,63.0,64.44444444444444,59.55555555555556,49.55555555555556,30.444444444444443,57.55555555555556,55.22222222222222,57.111111111111114,57.44444444444444,34.888888888888886,36.22222222222222,34.44444444444444,10.88888888888889,9.11111111111111,9.555555555555555,10.444444444444445,11.11111111111111,69.5,9
Zimbabwe,6107.846153846154,211857.76923076922,26.846153846153847,69.76923076923077,72.46153846153847,2780769.230769231,6846.153846153846,1768.6923076923076,1.0,3.076923076923077,2.6923076923076925,23.692307692307693,54.46153846153846,54.15384615384615,62.92307692307692,63.76923076923077,51.53846153846154,64.53846153846153,50.30769230769231,44.69230769230769,59.53846153846154,63.07692307692308,77.6923076923077,78.76923076923077,71.46153846153847,61.53846153846154,70.46153846153847,63.0,72.76923076923077,71.76923076923077,69.6923076923077,51.07692307692308,69.07692307692308,54.23076923076923,59.61538461538461,59.30769230769231,54.07692307692308,64.0,51.0,56.46153846153846,55.0,12.23076923076923,9.538461538461538,10.384615384615385,10.846153846153847,9.692307692307692,71.11538461538461,13
